comment_id,subreddit,body,score,created_utc,parent_id
d0ky8h3,collapse,"Try listening to real scientist the ones that do actual science and not ones that get paid by whoever to promote more BS. Fact not BS---->  http://dailycaller.com/2016/02/26/scientists-finally-admit-climate-models-are-failing-to-predict-global-warming/


lets say our planet was as far as Neptune from the sun.  How would all that water transfer process work.  It wouldnt because wed all be frozen ice balls of shit.  Lets turn that around and put us as close as mercury.  Now wed all be burnt up balls of shit.  But since we are here in the perfect distance from the SUN the water can evaporate and do what it does.  


From the link you gave...  ""During evaporation, water is converted from liquid to vapor and evaporates from soil, lakes, rivers and even pavement.""   What makes this water evaporate??? the sun shining heat down on us.

""During transpiration, water that was drawn up through the soil by the roots evaporates from the leaves""   again how does this water evaporate from the leaves.  the sun heats them.


anything else genius?",-1.0,1456941717.0,t1_d0jta7h
femwhxi,worldnews,Let build a space port and get the hell out of dodge.,1.0,1579271435.0,t1_fekx342
h495ecm,science,"Grow plants for people, stop eating second-hand amino-acids",1.0,1625589641.0,t1_h48rrlb
ecg8p1b,worldnews,"The scale does have to do with it.  What are these charts attempting to show?

The vostok chart is from [this data](https://cdiac.ess-dive.lbl.gov/trends/co2/ice_core_co2.html) I assume.  But the 'collective period' is ""137 to 795,000 years Before Present"" which is taken to be 1950.  It's not looking at recent samples at all.  I can find a [similar chart](https://www.bas.ac.uk/data/our-data/publication/ice-cores-and-climate-change/) on the British antarctic survey page on ice cores, but there you see [recent measurements](https://www.bas.ac.uk/wp-content/uploads/2015/04/002.jpg) with high granularity show recent CO2 concentrations that wouldn't fit on the [scale of the longer timescale chart](https://www.bas.ac.uk/wp-content/uploads/2015/04/003.jpg).

These charts aren't infinitely granular, longer period surveys might average cores representing some 1000 years, to get their 'numerical values', which would be including ice from mostly pre-industrial times.  ",2.0,1545648407.0,t1_ecg59vn
fdhhfph,worldnews,"It might be prudent for them to remember various revolutions. Both France and Russia showed that people who have nothing, have nothing to lose.",1.0,1578422714.0,t3_elcb9b
eib5mjg,Futurology,"If the Romans had nuclear power stations then there would still be Roman guards standing over it 
Great present for your grandkids “ I love you and here’s the bill”",1.0,1552342392.0,t3_azt8iw
hkj81n9,environment,"It really is relieving to read stuf, even if rarely, I can agree with when talking about these topics. Thank you :)",3.0,1636855739.0,t1_hkg7zo4
d1i6630,energy,Not sure...I'll go ask James,-2.0,1459283842.0,t1_d1i63sj
cwydn6d,CanadaPolitics,"Nuclear plants for the prairies, offshore wind for the Atlantic.  Offshore wind is expensive, but it blows all day and night.",1.0,1447376947.0,t1_cwyc7p8
dzsq43u,climate,"The political wilderness? Have you noticed that Republicans run this country lock, stock and barrel, controlling every branch of the federal government and most state governments as well? 

I'd offer that this has plenty to do with the fact that most Americans have moved to cities while the emptiest states still get their two Senators and at least one House member, giving every backward conservative voter in those states massively unfair political clout. 

It appears that ""the wilderness"" is winning, and by larger margins every decade. 

THAT is why the global oil industry has made the American GOP its chief puppet. Until we amend the Constitution to apportion the Senate by population, and to add House seats in order to reflect actual populations, and to get rid of the hot mess that is the Electoral College, the GOP will just keep holding the climate hostage.",1.0,1527643106.0,t1_dzjecb3
dxf6ee1,Futurology,All of them. What really is political power?,-1.0,1523828517.0,t1_dxex98z
co44dr3,news,"Populism is what pays the bills in the current voting climate of the US.  

Trick 33% of the people with religious, John Birch-ish, and fear-the-minorities-talk talk?  The other 33% with socialist, Mother Jones-ish, fear-the-rich talk?    Considering the rest of the 33% is either smart independent folks who will look past your dumb shit bluster or folks just as dumb as the previous 66%, but won't vote, you have yourself a decent chance of winning just by pandering to the two lowest common denominators.",1.0,1422491927.0,t1_co3spj4
d79wruz,worldnews,"Nono climate change was made up by the Americans, they are liberating the climate",1.0,1473048704.0,t1_d79skb1
dsvwm6r,politics,"What's really depressing are the comments on the washpo website, lots of ""CO2 is GREAT"", and ""CLIMATE ALWAYS CHANGES"", followed with the inevitable ""THIS COST TOO MUCH""
",1.0,1516308596.0,t3_7rb9eh
hlw8usm,CanadaPolitics,"Even if Suzuki and Trump were both calling for violence, and I don't think that's what Suzuki was doing, then it still wouldn't be the same because Trump was calling on fascists to reject an election and Suzuki **would** be saying that the industries currently poisoning our planets need to be targeted. But that's not what he was saying, he was saying that the environment will create desperation.",3.0,1637758619.0,t1_hltypbd
ck4j36n,science,Students should read Steinbeck's *The Grapes of Wrath*. Though schools probably avoid it because socialism.,-4.0,1409393699.0,t1_ck4hacu
c3rubgn,science,"Given a long enough time line, the truth will become apparent.  As long as you're not invested in it happening any time soon (like within your lifetime), it's easy to make peace with all of the liars and distractions.",1.0,1329406121.0,t3_prx6z
ebmmj6a,politics,You've remembered the face of your father. ,3.0,1544620580.0,t1_ebmhfjo
f1etxg6,europe,"It's fake news..or pretty close to it.

Some tweets from a few high profile people do not prove in any way that there is a ""Coordinated Network"" targeting Thunberg. There are a lot more people criticizing her than them.

&#x200B;

There are just a lot of valid things (not ""climate change isn't real"") she can be criticized for, that have nothing to do with her disorders..

and people are going to do just that, especially high profile people who are already sceptical of climate change or have a lot to lose. I'm not saying everyone does it right or hits the correct tone.

And yes, some of those people might be in the same organizations as other like minded people. There is nothing strange or shocking about this.

&#x200B;

But blaming it on a ""Coordinated Network"" and making it sound like it's all their doing is pretty insane..",4.0,1569430171.0,t3_d90jcz
dibey6n,worldnews,"Only after 2030, until then China gets to increase their CO2 output while already currently being at 30 percent of the whole world's production.",1.0,1496325238.0,t1_dibd6ah
ccc99da,worldnews,"That's not evidence. That's just name dropping. What, am I supposed to scour every single post from some random think tank or read every single book written by every non-scientist? All I asked for is specific evidence. If you can't furnish that, you shouldn't be in this discussion.

>So you can't even provide one **peer-reviewed** article

I don't care what politicians have to say. I just want compelling scientific evidence. Can you provide that?",2.0,1379707373.0,t1_ccc94wz
hlskcs3,energy,"I agree. But if the nukes retire then energy prices will increase (all things being equal), thereby increasing profits for the remaining generators, including renewables.",-2.0,1637689635.0,t1_hls2zrf
dmdtskf,worldnews,Fake pope. He should be worrying about the corruption and child abuse in the Catholic church.,-11.0,1504198082.0,t3_6x6op1
ckowec2,politics,Only leads if it bleeds. Thank the news watching public for that.,1.0,1411346992.0,t1_ckow8bk
ho6f9zp,sandiego,"If you have the space I recommend having a non-xmas tree in a pot outside and bringing it in for your tree. Real Xmas like potted pine trees can be finicky with temperature changes. We use an Icee Blue Fern Pine (native to Africa - who love SD weather) because they have hearty branches for ornaments. It is on wheels so we just wheel it into our living room. When not decorated it lives on our front porch on the opposite side of the living room window so it gets the same amount of sunlight inside and out. My kids love it! They get to say hi to their xmas tree everyday of the year, whose name is Baloo.",7.0,1639263853.0,t3_re4ye2
evm7kdt,environment,I think that works too. I don’t game so for me it wasn’t a solution I could see. And I just quit weed from over smoking it for that same reason.,1.0,1564604316.0,t1_evlibb4
f1s7pwy,melbourne,Tell me more about foraging greens in Melbourne. Id totally so it is i knew what plants were good to eat.,3.0,1569725271.0,t1_f1rul7p
epjzarg,worldnews,"there is an old LIFE encyclopedia set on different topics. in the book on the north and south pole the opening paragraph states that the poles are unusable, but with the right technology we will be able to melt all the snow and move in",1.0,1559263874.0,t1_epja4v3
ctba34y,worldnews,">  Instead, talk about moving forward and what's best for everyone.

Ah. But therein lies one of the conflicts of every debate.

Many people wholeheartedly ""know"" that their beliefs/proposals are what's best for everyone.

...and thus, everything becomes increasingly more complicated and difficult to resolve.",1.0,1437509389.0,t1_ctb9124
gktp3id,whatsnewtoday,Tigers are cute but dangerous. Hooh,1.0,1611670458.0,t3_kz0ewj
es56cbl,Futurology,"I personally don't trust whoever would get the 30 billion dollars to spend it wisely or use it to make any significant difference for the planet. It would probably just make a few thousand people millions of dollars richer. Sad that this is the case, but it IS the case.",1.0,1561602750.0,t3_c5td0i
e3tf7yp,Futurology,Right prolly from the same source as trump gets his global warming views from,1.0,1533724091.0,t1_e3serz1
gagpako,news,You mean the better archer? Loved it.,1.0,1603949127.0,t1_gago1z8
h32s31q,worldnews,We need Captain Planet.,0.0,1624683460.0,t1_h31ri9v
d9x922w,politics,"If they can't be convinced, maybe you can use their pride in America to convince them it's a good idea to do something anyway.",1.0,1478966194.0,t1_d9x3gq9
g6c95b1,EverythingScience,I disagree there. From my perception the only sentient creature on earth is me. I'm aware this is just an illusion of self. You'd argue your sentient. So therefore I must presume so is all the other living things on earth.,-16.0,1600883892.0,t1_g6c6i1z
fiya2f6,television,Nic.... oh fuck goddamnit we were this close,1.0,1582835459.0,t3_faeg8y
ebsdh12,politics,"The problem is that the economy is significantly better when people feel like they can keep their money invested instead of holding it in cash, America would have a horrible next 20 years if we didn't give preferential tax treatment to people who invest because that's a lot of what caused America's outperformance in the last 150 years. France had a serious decline after everyone with money realized their money was safer with the English and the Dutch, and it's far easier to cross borders with your money compared to any time in history. 

The capital gains tax for investing over a year makes a ton of sense, opposing it entirely is just being hateful not compassionate. The poor will suffer even more than the rich do if money pours out of our economy into another economy that treats them better.

But people who choose to take tiny salary and get paid in stock, should still have to pay a real rate, not just collect their salary a year late.",2.0,1544807816.0,t1_ebs4yu1
dcotq8v,politics,"I'm so glad you couldn't be more of an ass that you are now, *especially in this subreddit*",4.0,1484948150.0,t1_dcoop1e
dapf7gy,TrueReddit,Thanks for giving me reason #456 to not have a kid. ,4.0,1480701635.0,t3_5g326c
gsrzxd2,worldnews,"""Hello, I am <generic service name>. I understand your are trying to do <repeats the thread title>. I will help you with this issue.

""<offers tips for a completely different issue>""",15.0,1617088649.0,t1_gsrywxp
fhh5wux,onguardforthee,">""I'm trying to get business here, you want me to stay at a hostel or hitch a ride on a boat like Greta""

So he went for the jewish mother/martyr route did he?

He's no jewish mother....",5.0,1581594936.0,t1_fhek65g
h49dg7z,Brewers,"We fight climate change by not forcing local restaurants to give away free burgers, a large energy savings.",79.0,1625593228.0,t3_oez3fx
db6c6sa,atheism,"Wow. So impressed.

Well, you zygote, I'll be checked out long before you, so you'll have to live with it a lot longer. Have a pleasant evening. I guess it was just a coincidence you corrected it one minute after I pointed it out, huh? 

We'll give you the benefit of the doubt. Stranger coincidences have happened. You used up one, though. Next time you might not be so believable.

You have to look yourself in the eye in the mirror, not me.

Have a nice night. ",1.0,1481695679.0,t1_db6c0at
fahv8ak,worldnews,Why do you think a lot of governments cut off education and science reports and throw promises and subsidies ? As the old Romans said bread and Circus.,1.0,1576094194.0,t1_fagv69u
d5t86hv,nottheonion,"I mean, bankers fucked up...",4.0,1469640825.0,t1_d5t7hlg
i1s757d,ukpolitics,Did she define women and girls?,10.0,1648035879.0,t3_tkrmz4
evbk7wp,worldnews,"I responded as though you were referring to the comment you actually responded to. 

If it's possible to vote where you live, then do so. :)",2.0,1564380745.0,t1_evbjzqb
dmp687b,politics,I do too but I also remember how they screwed Hansen over. No doubt they'll be more hardcore this time given what we've seen at the EPA and elsewhere.,2.0,1504814392.0,t1_dmompk8
d658rw1,worldnews,Well Denmark is already developed and just gets its manufactured goods from other countries though.,3.0,1470398869.0,t1_d656g6a
grzmpms,climateskeptics,"A fine article and good information!  
One tiny thing to point out. [This chart](https://climaterealism.com/wp-content/uploads/2021/03/Atlantic-Major-Hurricanes-1850-2020.png) seems to show much fewer hurricanes pre-1900. Those are Major Storms that made landfall! While after the 1940's that's *all storms* including those at sea.  

As the title says, it is better detection that drove the numbers up, not the increase in size or numbers.   
[The Hurricane Pause](https://www.cnsnews.com/news/article/susan-jones/major-us-hurricane-drought-ends-after-record-4323-days) 2005's Wilma to 2017, when Harvey roared in as a Cat-4 monster. 4323 days of no major hurricanes making US Landfall, even though that chart (above) shows a lot of them? They were not the same. It is accurate, but measures different things, eh?",5.0,1616542379.0,t3_mbl9v8
hfo2k9a,EverythingScience,">[Where does the oxygen we breathe come from? Explain to students that rainforests are responsible for roughly one-third \(28%\) of the Earth’s oxygen but most \(70%\) of the oxygen in the atmosphere is produced by marine plants.](https://www.nationalgeographic.org/activity/save-the-plankton-breathe-freely/)

or

>[Scientists agree that there’s oxygen from ocean plants in every breath we take....Scientists believe that phytoplankton contribute between 50 to 85 percent of the oxygen in Earth’s atmosphere.](https://earthsky.org/earth/how-much-do-oceans-add-to-worlds-oxygen/)

or

>[Around 50 percent of the oxygen we breathe comes from phytoplankton,” said Brenda María Soler-Figueroa, a marine biologist at the Smithsonian Environmental Research Center.](https://www.washingtonpost.com/lifestyle/kidspost/where-does-the-oxygen-we-breathe-come-from/2019/05/17/1e2bde6c-75ab-11e9-bd25-c989555e7766_story.html)",2.0,1633564672.0,t1_hfnwm2z
d9zxrkx,worldnews,"The problem is that when dam is built, it inundates a forest or grassland.  Regardless of what lives in the water column, the land plants will become rotting dead material.  Things rot anaerobically under water, producing methane.
",9.0,1479140593.0,t1_d9zvpde
c9e64h5,CanadaPolitics,"But it raises the question of it being subjective and partisan. I think the selective deleting of comments here by /u/JPShinebox raises those questions.

 And I think it has to be asked if a subreddit created for discussing politics in a country that is supposedly Democratic should have any comments removed that are not necessarily offensive or illegal.",3.0,1365818690.0,t1_c9e602p
cwbnpk7,nottheonion,">Despite substantial variation in both the magnitude and spatial pattern of change, the majority of published studies predict that phytoplankton biomass and/or primary production will decline over the next century.

Isn't this the main point? 20 or 40 or 10, how much does the number matter when everybody agrees it's gonna get worse?",1.0,1445730415.0,t1_cwbfzgw
dfimrit,worldnews,And lets not rewrite history by pretending Obama is all powerful and wasn't fighting a Congress that constantly opposed every little thing he did. ,27.0,1490716685.0,t1_dfiknpb
ffuasi2,worldnews,"As a trucker how many piss jugs do you need on an average haul?

Also have you ever spilt piss on yourself when doing this?

What grade education do you have, and has it helped in driving?",-5.0,1580238065.0,t1_ffu9t68
hgy1tub,conservatives,Its an insurrection! /s,11.0,1634443445.0,t3_q9rcor
euyex1l,politics,Bro you just went full meta.,3.0,1564100989.0,t1_euycdat
dfcqm99,politics,Didn't Dr. Octopus have a similar plan? ,2.0,1490369311.0,t1_dfcjfr3
eejuevw,Futurology,"Yeah I'd like more homes pls

",4.0,1548007021.0,t1_eejjrcj
gjwtwx3,Economics,"""Put your money where your mouth is"". Is a great saying. If you arent willing to pay for it you wont have it. Equality is the same.",5.0,1611116760.0,t1_gjwt3hv
d3vkd3z,politics,"Please enlighten me, oh wise one.

Would making transport more difficult not reduce their profit? Is their business somehow immune to factors that affect every other one?",-4.0,1465031066.0,t1_d3vjzt7
cgj4ykn,science,Do buildings get up and move inland as the sea rises?  So seawalls automatically make themselves higher as the sea rises?  Get real.,1.0,1396542684.0,t1_cgix6rl
e1pifz1,EverythingScience,"I think it’s important to note that while the worst off voted for Hillary, those who are are losing the most RELATIVELY went for trump.
White guys used to be all but guaranteed a decent job, wife, and social status. Now they have to merit being hired, treat their wife as an equal, and treat everyone with respect. 
Now, do they still have it better than any other group, on average? Of course. But the other groups were already working for their living, while it’s a shock for most white guys to find out that applying for a job and being “decent” isn’t enough to get a job always, or a living wage job even once in a while.

You might be mad at losing 50 out of 100 dollars, but they lost 90 out of 150. Sure, you have 50 and they have 60, but all they can do is look imagine how much bigger the stack they lost is, not about how the stack they have is still bigger.
",-4.0,1530608291.0,t1_e1pfwci
feuwwoo,collapse,This is the formula and to be expected.,3.0,1579390768.0,t1_fetm0dd
e7z2ws3,collapse,"I do think there is room for tax reform in the US to increase social security payments. Removing the income limit and making the tax scale more progressive is all it would take. You can also throw in means testing for beneficiaries if you want more. 

I WANT TO PAY MORE TAXES. ",13.0,1539827805.0,t1_e7yyd0z
ctpt11l,politics,It's a very bad idea to limit the number of species. What if our one species of a vegetable all died from a virus? There's also cures in nature for our illnesses that will be destroyed. ,3.0,1438603577.0,t1_ctpfu5f
fk9ejnn,politics,"Let me be a bit morbid here and let's be morbidly honest, COVID-19 has probably done more to curb climate change than all the governments combined at this point.",1.0,1583974468.0,t3_fgvyy3
db8tdp6,atheism,We don't.  Just don't be an GOP voting Uncle Tom atheist.,1.0,1481838757.0,t1_db8jmew
f094y5l,Futurology,I said that? I said let them do whatever? lmao putting words in my mouth wont work with me.,1.0,1568494033.0,t1_f091fjs
es0ilih,politics,They should be led back in IN CHAINS.,25.0,1561476152.0,t3_c59l34
g8pnx0a,environment,"We still have nuclear fusion coming up as a potential energy lifeline. I dont think we can stop the wheel of consumption, but most models think our population will stagnate soon. Because of that I think a long term investment into nuclear would at the least cover most cities and prevent majority of our energy from being fossil fuels. And maybe in a few decades or so we can start the transition to nuclear fusion power plants!

Or who knows we might just nuke ourselves",1.0,1602611013.0,t1_g8phdcu
ehxahqe,Futurology,"> or the extent to which we leave food resources untapped for social and cultural reasons

you deniers so funny with your crazy ass theories.   The village idiots are alive and well !!",1.0,1551888877.0,t1_ehwmlac
di4f4zz,worldnews,"Is that how we tabulate votes?  By the number of square miles that went red?  Is it just property owners that get to vote?  Do larger counties (by area) count more than smaller counties?

The amount of area Trump won means nothing.  Absolutely nothing and literally nothing.  Population is what matters.  

Trump did not win with the majority of votes.  ",6.0,1495915003.0,t1_di4exfi
dh028xl,politics,the original Mr. Tiny Hands,1.0,1493672511.0,t1_dh00h7r
hwsond5,Montana,"Oh don't get it twisted, I know where the problem in your statement stems from.",2.0,1644771488.0,t1_hwsoapb
daomyzx,politics,"
As a reminder, this subreddit [is for civil discussion.](https://www.reddit.com/r/politics/wiki/rulesandregs#wiki_please_be_civil)

* Do not call other users trolls, morons, children, or anything else clever you may think of. [Personal attacks, whether explicit or implicit, are not permitted.](https://www.reddit.com/r/politics/wiki/rulesandregs#wiki_no_personal_attacks)

* Do not accuse other users of being shills. If you believe that a user is a shill, the proper conduct is to report the user or send us a modmail.

* In general, don't be a jerk. Don't bait people, don't use hate speech, etc. Attack ideas, not users.

* Do not downvote comments because you disagree with them, and be willing to upvote quality comments whether you agree with the opinions held or not.

Incivility results in escalating bans from the subreddit. If you see uncivil comments, please report them and do not reply with incivility of your own.

***


*I am a bot, and this action was performed automatically. Please [contact the moderators of this subreddit](/message/compose/?to=/r/politics) if you have any questions or concerns.*",1.0,1480650809.0,t3_5g16jb
dvzv0h0,politics,Andrew Breitbart snorts blow in hell.,6.0,1521557508.0,t3_85t9ky
dhqb0d9,worldnews,"Retaliatory minor sanctions regarding an actual trade dispute, and sanctions only came about after a case was filed with the WTO and unfair trade policy was found. I don't really see how that would happen here, and they were indeed fears of a trade war sparked by that.

> It can simply be a carbon and pollution tax imposed at the international level - if you want to sell, you have to pay the emissions equivalent according to local regulations.

I'm not entirely sure how this would work. Who would collect the ""tax"" and why would U.S. corporations be compelled to pay. Care to elaborate?",10.0,1495128988.0,t1_dhq958f
dbn3qw3,climate,"One can go back 37 years ago and read the Charney Report on the theory of CO2 and its impact on the climate.

http://www.cgd.ucar.edu/~brianpm/download/charney_report.pdf

What is interesting is just how little the science has advanced since then.  There is basically nothing new since then.  Theories need proof.  That is what science is based on.  37 years later and there are still doubts about it and no further evidence about the role of water vapor or clouds or natural ocean cycles than Charney speculated about back then.   ",-2.0,1482751170.0,t3_5k9ph2
e5puyre,worldnews,even if that were true they are still 1000 times better,0.0,1536580201.0,t1_e5lir1r
excu9ba,worldnews,"People really don't seem to get it, but cow farts isn't the only bad thing with meat production. When moving up one level in the food chain you lose 90% or more of the energy. You're using a hell of a lot of resources to get that meat made and it gets overlooked constantly because someone at some point said cows also fart a lot.",14.0,1566159745.0,t1_excswin
f821mot,worldnews,"So let me make this clear, you believe that India and China are polluting too much? That's despite them having a lower per capita footprint.

So you want them to reduce their footprint further, which Essentially boils down to you indirectly thinking that they are allowed to pollute less than western nations?

I don't think you're intentionally being racist, but the per country pollution point you're trying to make is exactly that. And this sort of unintentional racism is way too common, and not really the persons fault.

I have many people with the CCP, but climate change isn't really one of them",10.0,1574182058.0,t1_f820rx4
dbdq87v,climateskeptics,"> can you explain how .01% of the .04% of co2 causes global warming?

To you? Probably not if you think those numbers are accurate and relevant. If you had said 'explain how a 55% increase in an important greenhouse gas causes global warming' then we might have had a starting point. Your bucket of water analogy is similarly muddled.",1.0,1482158306.0,t1_dbdpq9w
egnfazc,worldnews,Im travelling and seeing as.much of the world as possible before the environment collapses,-4.0,1550389270.0,t1_egna50r
g71k48w,collapse,"abd, don't forget, they'll likely have the rest of us enslaved even more than they already do",1.0,1601369974.0,t1_g71aqh4
cboymh0,atheism,"Yeah I know, my bad. You're right. And I have the book! Not sure why I typed Franklin! ",1.0,1376657824.0,t1_cbnozmc
dgngoim,politics,Not fake dude. Are you skilled in scientific discourse or do you follow infowars?,3.0,1492974235.0,t1_dgnejjl
e4u9ztq,CanadaPolitics,Which was a great move IMHO as it front-loads importance and responsibility.,1.0,1535247335.0,t1_e4taej1
chn71h8,australia,"By giving example of big and small countries with good industries.

How so?

Are you saying that the examples I gave didn't start small with small Total investments?

I am trying to point out that the best time for a small country to give it a go is when it's starting not when it's mature.

It would take a whole lot of money competing with VESTAS now than it did when it was a 1 turbine industry under University funding.

We had that in Solar in the Eighties. We blew it. Now look at it. How do we compete now? We keep churning out the too expensive mantra when all that happens is lost opportunities to get an edge.

Why do we blow it?
Maybe this is part of the answer..

http://archive.treasury.gov.au/documents/1352/images/01_Venture-2.gif",1.0,1400639437.0,t1_chn6n29
e2fnshz,politics,"He also donates almost equally to democratic candidates.

Plays both sides so he can get a foot in the door regardless who wins. Many big business do that.",7.0,1531673191.0,t3_8z1t6t
h5aeziu,CanadianForces,[Anti-access and Area-denial weapons](https://en.wikipedia.org/wiki/Area_denial_weapon),7.0,1626365106.0,t1_h5ae2or
fcxgt06,ukpolitics,"That's not reality, that's bioessentialism masquerading as 'hard truths'. If you want to consider yourself nothing but a viral entity with no value beyond the ability to selfishly propogate that's your prerogative, but to imply that it's some sort of truth that I'm deluding myself out of is bizarre in the extreme.",5.0,1578062551.0,t1_fcxgfhr
f19h63j,news,">You do not have to have QUALIFICATIONS to not want your planet to BURN.

I agree. I don't have any qualifications either and I don't want the planet to burn.

I don't want a lot of bad other bad things to happen either, but simply because I want bad things to NOT happen, DOES NOT make me fucking qualified to talk about them TO THE ENTIRE WORLD IN FRONT OF THE UN.

Getting promoted to essentially a major figure head for such a serious scientific issue SHOULD require you to be qualified.",8.0,1569272401.0,t1_f19fuo5
cjt50o4,politics,"I can claim to be anything, if I don't actually live up to the mantra, can I still stake a claim to it? The tea party are neo-cons disguised as libertarians voting republican and generally clueless about a myriad of topics. A staple of libertarianism is the welcome addition of science and from my experience this includes telling religion as a whole to fuck off. If you meet someone claiming they're libertarian and denying climate change, then they don't know what libertarian means. With a stagnant economy, worsening debt, higher education costs, the rise of service oriented jobs, poor getting poorer, libertarianism is a predicted outcome of an even more predictable social unrest. Anyone who doesn't realize that is obviously going to be co-opted need only do some reading. 

edit: from the general wiki on libertarianism: 

>Libertarian socialists have been strong advocates and activists of civil liberties, including free love and free thought. Advocates of free love viewed sexual freedom as a clear, direct expression of individual sovereignty, and sometimes traced their roots back to the early anarchist Josiah Warren and experimental communities. They particularly stressed women's rights, as most sexual laws discriminated against women: for example, marriage laws and anti-birth control measures.

>Free love appeared alongside anarcha-feminism and advocacy of LGBT rights. Anarcha-feminism developed as a synthesis of radical feminism and anarchism, and views patriarchy as a fundamental manifestation of compulsory government. It was inspired by the late 19th century writings of early feminist anarchists such as Lucy Parsons, Emma Goldman, Voltairine de Cleyre and Virginia Bolten. Anarcha-feminists, like other radical feminists, criticise and advocate the abolition of traditional conceptions of family, education and gender roles. Free Society (1895–1897 as The Firebrand, 1897–1904 as Free Society) was a major anarchist newspaper in the United States that staunchly advocated free love and women's rights, while criticizing ""comstockery"", the censorship of sexual information. In recent times, anarchism has also voiced opinions and taken action around certain sex related subjects such as pornography, BDSM, and the sex industry.

>**Free thought is a philosophical viewpoint that holds opinions should be formed on the basis of science, logic, and reason, in contrast with authority, tradition, or other dogmas. In the United States, ""free thought was a basically anti-Christian, anti-clerical movement, whose purpose was to make the individual politically and spiritually free to decide for himself on religious matters. A number of contributors to Liberty were prominent figures in both free thought and anarchism. The individualist anarchist George MacDonald was a co-editor of Freethought and, for a time, The Truth Seeker. E.C. Walker was co-editor of the... free-thought/free-love journal Lucifer, the Light-Bearer"".**



That doesn't sound like the tea party to me, but it does sound like libertarians I associate with.",1.0,1408321983.0,t1_cjt4n3q
dautx4q,politics,"how the fuck did we lose these people? I've lost sympathy for them and what is going to happen to their communities in the next 4 years, they sold our nation down the river to an orange idiot. ",1.0,1481035361.0,t1_datdi8f
co44olt,news,"Humans can't change climate, only nuclear bombs can....which were made by humans.",1.0,1422492451.0,t3_2tzjps
ebdetnv,EverythingScience,https://www.reddit.com/r/Changeofpace/comments/a21s2e/well_come_to_the_thunderdome/,1.0,1544294773.0,t3_a4aovf
fzwlpfl,europe,Still triggered I see. The poor alt-right eco hating snow flake that you are 🤣,1.0,1596225055.0,t1_fzwlgx9
ehs6hwu,politics,Yes they do. See Brown v. Board of Education.,9.0,1551723772.0,t1_ehrm7x5
evck7un,worldnews,"The now banned CFCs used for refrigerants were also used as propellants in aerosol cans.

Women making their hair big put a hole in the atmosphere",-1.0,1564417093.0,t1_evc2h29
i3dz9bt,worldnews,"Instead of spending your efforts on useless insults that will not penetrate my reddit-battles hardened skin you could achieve much more if you gave me a link to scientifically agreed studies of the consequences of the climate change at least until 2050. But I need that to be very agreed upon, not just ""here is  a Medium article"", no. Solid science. Peer reviewed.",1.0,1649098751.0,t1_i3dyivs
eo1jhu4,politics,"> We can worry about getting a progressive in office later.

Wow, that worked so well in 2016 didn't it...",30.0,1558200498.0,t1_eo1ia4f
dic8a2g,worldnews,Might just be a rate-limit thing maybe? New accounts get that a lot. Maybe send a pm to /r/worldnews to reach the mods and figure out what's going on. ,1.0,1496357643.0,t1_dic87t5
euvkw32,worldnews,I don’t know how many times I need to tell YouTube that I’m not interested in Jordan Peterson videos,57.0,1564062066.0,t1_euvb5xm
db8wpbl,atheism,How often does this guy get asked to do the fandango ,3.0,1481843060.0,t3_5igftm
cvioea3,worldnews,This guy knows what I meant by exactly right.,1.0,1443568350.0,t1_cvinjjh
ft9vmgu,news,"Did you, a person from the party that's demographics now include mostly old noncollege educated white guys, just seriously claim the democrats are the dumb ones? Lol",17.0,1591542790.0,t1_ft9v7dt
eqh4fjo,politics,Clinton actually had the reports and Bin Laden as someone of importance to watch.  Bin Laden was an ally of the Reagan Administration before then.  And the other mess that happened under the Clinton Administration was the mortgage issue that fell apart under Bush buy allowing people with spotty credit to get sub prime mortgages.,18.0,1560048755.0,t1_eqg66sx
da0zmpu,science,Yet it may not be all humans die but it will be a shit show for those that are left.  Scientists are the ones we rely on for the truest of facts and the ability to admit they are wrong when new evidence appears.   Blowing things out of proportions is exactly what pseudo science and Religious nuts do.  We cannot approach people the same way if we want to differentiate ourselves.  ,2.0,1479193196.0,t1_da0u7t0
emkgoux,Futurology,"25% of the world's CO2 emissions are caused by USA, which has 5% of the world's population.

Edit: 
I can't seem to find my source for 25%. Perhaps it was a failure of my memory; perhaps I found a source that elevated the number. However, USA definitely produces far more than its per-capita share and 15%+/- 1% is easy to cite...

https://en.wikipedia.org/wiki/List_of_countries_by_greenhouse_gas_emissions

https://en.wikipedia.org/wiki/List_of_countries_by_carbon_dioxide_emissions

https://data.worldbank.org/indicator/en.atm.co2e.pc",5.0,1557073238.0,t1_emkg1mf
ey5dkku,YangForPresidentHQ,"I noticed this, too. Need more eyes before posting.",6.0,1566828961.0,t1_ey5cwao
hdi7tan,soccer,"hahaha so you dont actually care about climate change, you think a tiny country with a higher average of polution is worse than a big country with a huge amouiint of polution. You're stuck in your argument and you have too much internet pride to admit it.",0.0,1632082387.0,t1_hdhcgnc
ge69cry,environment,"Thats too risky, expensive profits will drop.. Short time money thats what counts.",1.0,1606761831.0,t3_k3yywv
g6ysya2,collapse,"I think the problem is that if the leaders do something that doesn't have massive support, and hurts the income of oil, then they won't be leaders for long. No one individual can go up against massive corporations.",48.0,1601310718.0,t1_g6ycyt8
dpz96s1,worldnews,"I mean, he's not wrong, I'm just pointing out the The Mote and the Beam thing. ",1.0,1510956373.0,t1_dpz9091
i94v4qk,conservatives,What makes you think I'm going to lie to your face?,0.0,1652915075.0,t1_i94ugj3
c7hxxik,conspiracy,"Already doing it on /r/science I did a little truth bombing earlier this week and I now have -74 comment karma and got a lot of nasty replies, just giving them a link to this.",2.0,1355753349.0,t1_c7hxuse
fdmlll5,SlaughteredByScience,"That explains it.  I don't think the charger is running at 5W capacity constantly.  I suspect 5W is the maximum capacity.

* Apple says iPhone XR can run video for 16 hours   [[source](https://www.apple.com/iphone-xr/specs/)]
* Battery capacity is estimated at 11.6 Wh [[source](https://www.ifixit.com/Store/iPhone/iPhone-XR-Replacement-Battery/IF408-002?o=1)]

Therefore all else being equal I assume power consumption during video playback of approximately 0.725W.

But this is not exactly right. I am sure I am missing something as I type this in a busy and hot commuter train.",2.0,1578554566.0,t1_fdmkwgl
d24w3bw,nottheonion,"well, technically speaking, he *is* an engineer",1.0,1460778814.0,t3_4ex5rx
fbz54xz,environment,https://www.co2.earth/2100-projections,1.0,1577235374.0,t1_fbyewr0
fd3ik5j,Futurology,And even when choosing between those silly extremes... One is clearly the better option,18.0,1578158652.0,t1_fd3b67q
exocs9i,worldnews,"...and most probably it won't help. nothing stops bad/incompetent people to take place of 'the rich'. for example, there's been many disastrous actions in Soviet union: the Aral sea, some other water projects, nuclear explosions to dig paths in some places, or, for example, huge waste of petroleum and carbon emissions when drivers were burning petroleum during the summer, because if they didn't, their limit would've been lowered which potentially leads to a problem especially in the winter when it's sometimes the only thing that helps not to freeze to death (leave alone the fact that soviet cars were very dirty emission-wise)",-1.0,1566474117.0,t1_exnwgmo
gg422z8,news,it feels like you are spreading private jet owning propaganda...,1.0,1608181502.0,t1_gg3kdvc
dtlg0vf,LateStageCapitalism,Oh for crying out loud...,5.0,1517523743.0,t1_dtl6y38
d6ru6lj,politics,"Maybe, expect that one time during a primary debate she was all about coal. ",5.0,1471874228.0,t3_4z0gy5
didm12d,politics,"> sort of lapsed 

How's that work? ",1.0,1496432840.0,t1_didd8v4
hno1opk,Futurology,"How much energy would you need to convert that tree into a table though? You're putting carbon back up in the air, reducing the tree's efficiency.",0.0,1638928441.0,t1_hnm75ce
ctkk1bz,climate,http://www.desmogblog.com/nigel-lawson,1.0,1438194101.0,t3_3ewiqs
dtjjtkg,climateskeptics,"Not only have GHG emissions declined per capita in the US by nearly 20 percent, they've declined 40% per dollar of real GDP!

https://www.epa.gov/sites/production/files/styles/large/public/2016-07/us-ghg-emissions-figure3-2016.png",4.0,1517438142.0,t1_dtj2wk7
f0q6wqs,Futurology,"I don't think that is the way to go tbh, I think we have to remove all the bullshit from our laws. Laws that allow corporations to keep updating their medicine patents just by changing few non essential items. Loop holes like companies keeping employees not as full time but only as contractors. Companies crunching them hard and after the project laying them off. I can go on...

There are so many exploits and loop holes these corporations can jump through for the sake of profits, and even then they have even more loop holes to avoid giving taxes. If you raise taxes they simply close their plants and move to a tax haven. We need someone who can say no to their bullshit and force them to behave in a humane manner.",4.0,1568854913.0,t1_f0q5nnr
fal1cfj,politics,How does it feel to be jealous of a teen girl?,7.0,1576176680.0,t1_faklpvp
ei9khcf,climatechange,"The energy industry is absolutely absorbing this type of hysterical hype. And likely promoting it.  
  
Consider that the ""fossil fuel"" industry depends on generating energy for anyone and everyone. They have been perfectly poised to incorporating any energy sources into transmissions systems thanks to cozy relationships with widespread regionally subsidized energy service providers. Of course they will do anything and everything to ensure this revenue stream.  
  
The means and source of the energy matters not. Fracking, wind, solar, geothermal, hydro, nuclear... whatever. It's all good.  
  
It is very naive to think that energy producers and brokers are threatened by anything or anyone.  
  ",1.0,1552294916.0,t1_ei9iivm
eh8luo4,politics,I personally believe in [intelligent falling](https://www.theonion.com/evangelical-scientists-refute-gravity-with-new-intellig-1819567984).,2.0,1551095043.0,t1_eh80jgl
dgmadnd,politics,"I can't remember the last time I thought, ""Wow, I'm really glad I just watched CNN."" Then again, I think the last time I willingly put on CNN was for the Inauguration. ",7.0,1492899562.0,t1_dgmaayo
hgbx6oz,unitedkingdom,He actually does have an EV converted Aston Martin and a Jaguar E Type.,1.0,1634025533.0,t1_hg7m71y
gv8m0c5,Conservative,She needs to plant a forest to replace the oxygen she is stealing by simply existing.,16.0,1618947104.0,t3_muy72g
fbc3kga,bangtan,Kings ending climate change,14.0,1576714808.0,t3_eckxl8
iadsomf,WayOfTheBern,"Thom Hartman have talk about this for years, will he say anything about this now that Biden administration is fighting against it.",1.0,1653790831.0,t3_uzzo3e
fvdn5n2,Futurology,"I mean, if it's all part of God's plan, why would the church try to change it?",1.0,1592601830.0,t3_hbvjwr
et3e9ue,worldnews,But meat is essential in a healthy diet for many people.,-8.0,1562432144.0,t1_et39973
dca5isz,environment,"""3 CEOS"" http://www.lowcarbonusa.org/ "" adidas Group
Adobe, Inc. Ebay NIKE, Monsanto Company, Hilton, Intel Corporation, Johnson & Johnson,Virgin,Tesla,Starbucks Coffee etc etc""  hundreds more of those in bold on the site earn more than 100 mil yeah sure just 3 CEOs there read the fucking article you shill ",7.0,1484131512.0,t1_dca51iu
gatapm0,environment,— have been praying since corruption became evident to me.,19.0,1604254391.0,t1_gat451d
ehrbnps,worldnews,"Meanwhile, your country is busy laundering money and helping tax evasion of those who are causing all the harm. ",5.0,1551694819.0,t3_awz1um
hgbs5be,brexit,"No price changes here on pasta. In restaurants and bar, some places increase prices. Like at Mercato trionfale the coffee moved from .90 to 1 euro",6.0,1634021162.0,t1_hgbnoby
diddqw1,minnesota,"Strangely, Trump is doing a very good job making the states regulate themselves without the federal government simply by being incompetent.",184.0,1496423816.0,t3_6ev7ul
ehwlyk6,environment,"As the climate crisis deepens drastically people like me will rise up and take control of the world.  We know best.  We know that burning a fossil is immoral, unethical and intellectually inferior to the extreme on all counts.  We do what the green environmentalists say.  We know best.  Don't ever forget that. ",1.0,1551862237.0,t3_axvh1t
c9zt90f,science,"Recent-ish
http://pubs.giss.nasa.gov/docs/2007/2007_Rahmstorf_etal.pdf

Older study
http://pubs.giss.nasa.gov/docs/1988/1988_Hansen_etal.pdf

Case study of volcanic eruption; the correct prediction of the small cooling caused by the eruption, giving further credence to the accuracy of climate models used.
http://pubs.giss.nasa.gov/docs/2007/2007_Hansen_etal_1.pdf

I've seen newer studies of this sort too, but I don't remember where. ",19.0,1368692905.0,t1_c9zr8vj
d7mlysg,news,"I never use politifact, they are just like CNN, NPR and WaPo, they are establishment liberal and as such only parrot the DNC talking points. Clinton and DNC = good, GOP = bad, Trump = Hitler. 

[Case in point](http://www.politifact.com/truth-o-meter/statements/2016/sep/07/hillary-clinton/clinton-says-none-her-emails-were-labeled-top-secr/) Clinton claiming that none of her emails were labeled classified, listed as ""Mostly True"". Yet two weeks ago it was [proven that that is a lie](http://thehill.com/blogs/ballot-box/presidential-races/294323-clinton-thought-classified-markings-in-emails-were-meant). But it is still marked ""Mostly True"" because she ""believed"" that (C) didn't mean classified, you know despite the fact that she had been briefed on the classification system.",-2.0,1473872453.0,t1_d7mlil4
iimpgay,Efilism,SUBTERRANEAN MICROBES MF,3.0,1659440137.0,t3_we6yba
g8s7uev,environment,"I would be too if I were younger.  If/when we make the environment a priority, it will take decades before we could expect to see a noticeable impact.  No one wants to spend their life living in a broken environment.",2.0,1602671234.0,t3_jadaq4
ejskzmu,environment,...because fuck you we got ours.,1.0,1554021674.0,t3_b51kgj
dpjskl8,environment,"Whose requirements? Whose quotas? 

France? The international community? Fuck them. We have an intelligent progressive western society the states and cities would impose their own requirements and do the right thing... Just like they are already doing.  We already exceed the climate accords requirements. We will continue to. 

u/Dickubjuicy has it right. Free market capitalism will fix CC . The rest of the world can figure it out on their own. Or buy our solution from us. (Or vice versa). 

Either way CC is being delt with. We dont need some dopey treaty. We dont need to send billions overseas or impose more regulations.

Dont get fearmongered into socialism and big govt spending by climate change fanatics.",-1.0,1510186119.0,t1_dpjnuix
em4grd2,worldnews,Might as well replace Hitler with the devil and nazis with demons. It's that silly to be honest,2.0,1556611437.0,t1_em4bo74
guj3lmw,worldnews,"I don't really care about reduction, I care about placing blame and change on the working class instead of systemic changes in other industries that contribute 4-5x more emissions than meat production do. 

It's like saying transportation contributes 14% emissions so you shouldn't order from Amazon anymore instead of making amazon reduce their transportation emissions. Or making you ride your bike on a 20 mile commute instead of asking the government to provide better public transportation. Or shaming people for flying on a jet

That being said, I'd probably agree to some regulation where the cost hits fast food chains instead of the grocery store.",1.0,1618432855.0,t1_guj1mqs
hnolcyf,environment,Regardless. Unless you have lived under a rock your entire life you would have known about bast forests that do not exist today.,6.0,1638938887.0,t1_hno3hw9
dabuguw,worldnews,It's been a steady stream since Trump won.  Apparently people don't understand how attributing every weather event to warming is only strengthening the deniers resolve. ,0.0,1479865117.0,t1_dabodrm
fnllkty,worldnews,I can plan to be the next Jeff Bezos by 2040. But that doesn't mean anything if I lay in my bed for most of that time.,1.0,1587055617.0,t1_fnljtkl
db5h4fy,atheism,"In short: fuck the Boomers. The ""I got mine, fuck you"" mindset is what's causing this country to tumble.",7.0,1481655235.0,t1_db5amyv
c11ypt5,environment,"I could just as easily claim that an entire political party (read: Democrats) reject the idea of non-anthropocentric climate change. Such a proclamation would sound as foolish as this one, too.",-6.0,1286768959.0,t3_dphnk
igedde3,Conservative,"If he's going to complain that 2 people are blocking 48, then that logic can carry all the way to 24 blocking 26 because much like how 48 is larger number than 2, 26 is a larger number than 24. By his own logic, he would also argue that 24 Democrats and 50 Republicans outvoting Democrats 74-26 would also not be justifiable because ""24 should not be able to have more say than 26.""",3.0,1657982111.0,t1_igecawh
ey5g4h9,politics,"No I stated that I don't expect reality to care what I think. Kind of like making the jump from ""I don't want to pay my college debt"" to ""We need to forgive everyone's college debt"". See how the second one expects reality to care?",0.0,1566830808.0,t1_ey5fo7o
erjvj82,CanadaPolitics,100% agreed. Couldn't have said it better myself.,1.0,1560948240.0,t1_erhsmx9
crgbi08,politics,"Its funny how the Republican party has people convinced that they're the ones that spend money appropriately. They can buy so many tanks and supplies for the Army that the General says ""Hey, we don't actually need any more tanks, but thanks for thinking of us."" And they'll sign a bill to send them 30 more. But try to feed the poverty stricken in the US and its ""wasteful spending"" because the ""welfare queens"" live in the lap of luxury off of your hard earned money! Even though welfare spending in a drop in the bucket compared to what we spend on the military. ",61.0,1432216065.0,t1_crg86db
glrp5us,POTUSWatch,"Remember, be friendly! Attack the argument, not the user!
Comments violating Rules 1 or 2 will be removed at the moderators' discretion.
Please report rule breaking behavior and refrain from downvoting whenever possible.


[[POTUSWatch's rules]](/r/POTUSWatch/about/rules/)
[[Message the Mods]](/message/compose?to=/r/POTUSWatch)


---

**Article**:

> Agriculture Secretary nominee Tom Vilsack touted the ability that American farmers have to drive the country's progress when it comes to climate change.

> During his confirmation hearing before the Senate Agriculture, Nutrition, and Forestry Committee on Tuesday, Ranking Member Sen. Debbie Stabenow, D-Mich., asked about what could be done on the agriculture front to help the climate, which has quickly become the key issue for the Biden administration. Vilsack was enthusiastic about the potential farmers have.

> SCHUMER SUGGESTS BIDEN DECLARE 'CLIMATE EMERGENCY'

> ""I think agriculture is probably the first and best way to begin getting some wins in this climate area,"" Vilsack said. ""I think farmers are prepared for it, farmers are anxious to do it.""

> Stabenow is a co-sponsor of the Senate’s Growing Climate Solutions Act, a bipartisan bill that aims to help farmer participate in carbon markets, whereby those who reduce their carbon emissions below a certain level can earn credits that can then be sold to others who need produce higher levels of carbon – a process known as ""cap and trade.""

> JOHN KERRY FAMILY PRIVATE JET EMITTED ESTIMATED 116 METRIC TONS OF CARBON OVER PAST YEAR

> Vilsack agreed that a system that incentivizes action will see support from farmers.

> ""If it's voluntary, if it's market-based, if it's incentive-based, I think you will see farmers, ranchers, and producers cooperate extensively,"" he said.

> In the meantime, he said, there are already proposals that can be acted upon on the administrative end. These include making sure that any potential measures benefit farmers and not third parties, and forming an advisory group of farmers that would focus on how to structure carbon sequestration – a method of drawing carbon dioxide out of the atmosphere.

> CLICK HERE TO GET THE FOX NEWS APP

> Vilsack said the government also needs to improve when it comes to researching carbon sequestration.

> ""There are ways in which root systems of crops can potentially be designed in a way that will sequester more carbon,"" he said. ""We ought to be exploring that we ought to be looking at ways in which we can increase market opportunities for greater storage.""

---",1.0,1612293725.0,t3_lb3yhd
evto8p3,polyamory,"Oh true! I haven't read enough about capitalism but I really hope there is an alternative to that. 
I think it doesn't necessarily has to be vegan, but in the way mass-production of meat is structured right it has to have a political impact. that's why I added the vegan. But I think if in this utopian world everyone lives in small communities where we share food and goods, it would be possible to have a environmental healthy lifestyle with at least being vegetarian. However I guess many people still love animals and therefore would choose to stay vegan or vegetarian in this utopia, while maybe still have bees and cows and goats and sheep on the farm for other benefits of cohabitation! :)",1.0,1564774671.0,t1_evt7nbz
ex6psb7,worldnews,"Well therein lies the problem...the ""bandaid mentality"" is all we have at this point and time. I am not saying we should not strive for better in the long term...we should.",1.0,1566049547.0,t1_ex6kmfk
gc45eg9,australia,"But when it involves taking a small hit themselves, whether it’s their job, the price of goods, a tax etc. that support drops significantly.

We’ve seen this play out repeatedly over the past decade.",17.0,1605235311.0,t1_gc44alt
f5vd3gx,environment,Wait.. does this mean they'll start 'standing their ground' against it?,1.0,1572487049.0,t3_dpckvu
ddv3hr9,politics,"Was ""defiantly"" really necessary?  Isn't it more likely that they are going about business as usual (other than making sure all their data is stored securely)?",21.0,1487342468.0,t3_5umbw6
did6hl4,politics,And then goes onto to tacitly imply that it isn't an issue for his administration (ie: anyone not on the left) because this will cause an economic downturn. Its called subtext my man.,15.0,1496415783.0,t1_did66oa
dx33ola,worldnews,"All your comments have this odd ""corporations aren't bad"" vibe to them.

Then we have the:

>I like fracking.



Yeah, we hear you.


>Regulating fracking is a much better idea

Really?? Do you think???? What a breakthrough.


But pro-corporation politicians and lobbyists won't let us do that.",1.0,1523301731.0,t1_dx2yn60
cvrmvss,climateskeptics,"No, what's unbelievable is you not calling out /u/logicalprogressive, /u/pr-mth-s or /u/ozric101 for doing the exact same thing...",1.0,1444246787.0,t1_cvrcprb
c8zws2a,politics,"For your first link: [This](http://www.climatecentral.org/news/so-called-medieval-warm-period-not-so-warm-15064) seems to point out seveal things wrong with the Midevial Warm Period, including it's placement, the fact that it's incomplete research (The Instrumental Temeprature Record, our first global system, didn't work until 1850, and the Cental England Temerature Index only started in 1659, making data harder to translate) and that it doesn't disprove increased levels of greenhouse gasses in the atmosphere.

As for your second example, what I see is that there has been a dramatic spike in the last two decades over the rest of the century, including in both hemispheres. There have been smaller spikes in the past, but none that have set a trend as the graph presents.

Though I do thank you for showing your work. So many times have I dealt with people screaming ""It's a scam!"" without a shred of evidence...

Last thing, the study I pointed out above was published in the journal *Geology*, though it doesn't state what issue. Any ideas on what issue that was?",10.0,1363891027.0,t1_c8zv8n0
cs5l0zs,news,You just made me gasp at your stupidity. I legitimately gasped at it.,6.0,1434230236.0,t1_cs5ecbj
deyqfwx,worldnews,The global warming zealots certainly seem to be destabilizing things.,-6.0,1489594979.0,t3_5zijey
c0klu12,worldnews,"I highly doubt they'd try to ban either in that situation, because it was a horrible example, which was *my* point.  And I'm guessing you either didn't read the article, or you have very poor reading comprehension, because nothing in there has anything to do with them ""thinking their legislation has an impact on how physics works.""

>It also called on the federal government's Environmental Protection Agency to order an immediate halt in its moves to regulate greenhouse gas emissions ""until a full and independent investigation of climate data and global warming science can be substantiated"".",1.0,1266262118.0,t1_c0kkd6c
f8ts6cr,worldnews,">Yes, and an ""unprecedented"" data point is usually referred to, in less emotional language, as an ""outlying"" data point.

And? Its still significant. Outliers being discarded are discarded because the suspicion is that the result was faulty. That's not the case here.

>Well, speak for yourself, but the entire thread is an exercise in extrapolation. One bad wildfire is being extrapolated to conclude that the whole general trend of wildfires must be much worse now, and then of course the only possible conclusion is that such a worsening is caused by climate change.

No, the argument is that this fire is unprecedented. End of discussion. It's a bad sign, and POTENTIALLY one of things to come. But the data itself still stands.",6.0,1574810088.0,t1_f8tkj1q
dcv876j,politics,"Evan Engel of Vocativ and Alex Rubinstein of RT America aren't protesters with cameras. They are journalists. How about Jack Keller, a **producer** for the web documentary series Story of America?

These aren't just ""random dudes with cameras"". 

These are people who **evidently** report on American affairs.

",2.0,1485306917.0,t1_dcv7zl9
fhyvy6b,news,"Bernie's doing well, better pretend billionaires care about the environment.",0.0,1581985001.0,t3_f5e92s
d82f7ms,australia,"The skeptics I know are more interested in the fact that 'climate scientists' have been [caught out](http://www.telegraph.co.uk/comment/columnists/christopherbooker/6679082/Climate-change-this-is-the-worst-scientific-scandal-of-our-generation.html) trying to manipulate data, ostracize fellow scientists who don't agree with them, and preclude said scientists from being published in journals. Apparently they think this is evidence that scientists are merely humans and prone to error and corruption like all other humans throughout recorded history. Crazy nutters, those skeptics.",0.0,1474880439.0,t1_d828l4e
g2ysg9l,worldnews,">  in the early 20th century

You mean right at in the middle of two back to back world wars, that where larger in scale than anything in all of human history and unmatched to this day, centered on the European continent? Then?",4.0,1598484690.0,t1_g2x6bla
evnw2st,Futurology,Adapting costs money and so emitting should not be free. QED.,1.0,1564633458.0,t1_evmfx44
dfqfrtw,worldnews,Diamonds burn quite nicely in an atmosphere high in oxygen...,1.0,1491153887.0,t1_dfqcw7d
dz10jew,MarchForScience,It's sad that In 2018 trusting the consensus of the scientific community is now synonymous with being liberal.,47.0,1526407559.0,t1_dz0zn48
gd1w5ef,worldnews,There's no winning is there. You'd rather he stayed silent on the matters? Or perhaps you'd prefer if he urged other leaders to do less instead of more?,1.0,1605962335.0,t1_gczr3bx
ewrz1b7,news,"Hi pot, I'm kettle! Nice to meet you :)",1.0,1565716802.0,t1_ewpvwhb
cay8gtn,science,"The familiar denialist Gish gallop.

> Climate changes, but not because of humans. We cannot just prove that it is because of humans.

The warming trend is closely correlated with how much CO2 we're pumping into the atmosphere.

> There's been warmer periods in the middle ages as well.

The medieval warm period was local, not global. The current warming is happening dramatically faster and is already more significant than the medieval warm period was. The fact that climate can also change naturally has no bearing on the discussion.

> Mars is warming too.

Mars is not warming. Even if it were, solar output has not increased, so any warming would be coincidental.

> There have been extremely cold weathers around the world lately, not seen in decades. Might as well be a start of a new ice age.

The warming trend has not abated. There is obviously nothing to suggest a new ice age.

Stop repeating bullshit because the facts make you uncomfortable.",8.0,1373295943.0,t1_cay8542
dcb5jxd,Futurology,"So fuck future generations, right? Their problem not ours, huh? Sorry, I'm of the mind that we're simply caretakers of the planet for those that come after us, and I'm fine with being mildly inconvenienced if it means our descendents have a place worth living.",1.0,1484179137.0,t1_dca8exx
eia8zn0,Futurology,Well it could have some issues when the original name is in another alphabet ,1.0,1552320763.0,t1_eia7ztv
dmex7nv,pics,I shall send him and his family threats of death by telegram forthwith! ,0.0,1504246664.0,t3_6x8yfc
ej8vzrg,worldnews,"Really with a Republican in office, does this surprise anyone ",3.0,1553402133.0,t3_b4lwfl
f9zizq4,California_Politics,even without snapped power lines fires been raging on this planet for past 2 billion year so get used to them,0.0,1575742263.0,t1_f9zdk0n
hcyn44s,collapse,Work more hours to purchase overpriced greenwashed duplicates of all the unecessary crap they already have too much of.  I killed the planet eating antibiotic burgers in my economy car but I'll save it in my grass fed Tesla Tonka truck.,9.0,1631720472.0,t1_hcx9gl9
hjz59oo,worldnews,awwww we're still the worse,1.0,1636487728.0,t1_hjz50e6
h60g5if,worldnews,Denying or ignoring the problem doesn't make it magically go away. What the fuck is wrong with my government.,3.0,1626880863.0,t3_ooiq38
h03t3x3,philosophy,That was quite subtle of you to tack your personal judgment to the back of long tirade. Hoped nobody would notice?,2.0,1622484419.0,t3_np1xo7
eaaqr8u,space,"Thatso e of the problems , isn’t it.  Even if some sort of intervention was entirely understood, scientifically, sound, and worked perfectly, it would have side effects.   “No one is responsible” for global warming, but you can bet someone would be responsible for those side effects",2.0,1542981318.0,t1_eaapaxk
dme60oc,worldnews,"Thst completely fails to account for the risk of starting a business, the initial investment, the upkeep and the money needed for future growth. And of course, people dont often go around risking their money and working hard to build a company for charity, they do it for profit. ",2.0,1504210499.0,t1_dmdwjl7
ert6g2r,conspiracy,Oh you thought this bill was about stopping humans from exhaling? That is some priceless adorable shit right there. Holy shit. Gonna have to screen shot this one.,1.0,1561233740.0,t1_ert64hy
c0n8nfq,science,"Oh I'm a cunt now am I... this just gets better and better. 

I don't agree with your opinion, so now I'm a dumb cunt... well done. ",-3.0,1270030279.0,t1_c0n8le4
diykw4c,SeattleWA,"Ummm, cows produce methane, not CO2. 

Methane is worse than CO2, but the EPA reports emissions in equivalent amounts of CO2 and enteric fermentation amounts to ~1/10th the emissions from either electricity generation or transportation. (see [Table ES-2](https://www.epa.gov/sites/production/files/2017-02/documents/2017_chapter_2_trends_in_greenhouse_gas_emissions.pdf)]

Coal is predominantly used for electricity generation (93% of coal use) and is far ahead of aviation but not the biggest emission source: transportation by road is slightly bigger. (See table 1-4 on pg 69 in the same EPA report.)

So... no.

But your points are somewhat irrelevant to my point. I have no control over cows and coal use. I have direct control over the amount I drive and fly. Flying is at least half of my personal carbon impact, and that's probably true for most people who take multiple flights a year. 

If you personally believe that climate change is important, the biggest change you can make directly is your personal consumption, and for many people that's flying.",1.0,1497566537.0,t1_diybj50
da07v3d,Futurology,"Thanks for contributing. However, your [comment](https://www.reddit.com/r/Futurology/comments/5cg56z/kids_are_taking_the_feds_and_possibly_trump_to/da05fdi/) was removed from /r/Futurology

> Rule 1 - Be respectful to others. 



*Refer to the [subreddit rules](/r/futurology/wiki/rules), the [transparency wiki](http://www.reddit.com/r/futurology/wiki/transparency#wiki_relevant_material), or the [domain blacklist](http://www.reddit.com/r/Futurology/wiki/domainblacklist#blacklist) for more information*

*[Message the Mods](https://www.reddit.com/message/compose?to=/r/Futurology&subject=Question regarding the removal of this comment by /u/sunrainbowlovepower&message=I have a question regarding the removal of this [comment](https://www.reddit.com/r/Futurology/comments/5cg56z/kids_are_taking_the_feds_and_possibly_trump_to/da05fdi/\):) if you feel this was in error*",1.0,1479153006.0,t1_da05fdi
imbixpg,entertainment,It’s negligible: so small or unimportant as to be not worth considering; insignificant. It’s like an ant pissing on a housefire.,1.0,1661815864.0,t1_imbgshn
ey34gwp,worldnews,But my mom put me in the Microwave when I was a baby.,3.0,1566755143.0,t1_ey20h8m
em2u9uq,Futurology,Which gas company paid you?!?,-1.0,1556564208.0,t1_em2sqzb
ead43b1,politics,https://www.google.com/amp/s/mobile.reuters.com/article/amp/idUSL1N1J311B,-31.0,1543073069.0,t1_ead3kxn
c0r0p1x,worldnews,How does climate change have any effect on a volcano?,1.0,1275156724.0,t3_c9ez9
eia5sjj,technology,I dont wanna leave the congo!,7.0,1552318481.0,t1_eia0sbm
ehkwtwt,Futurology,"I understand they don't consume the water, but they do heat the water and then redistribute it back into the water ways. With such little water this is obviously a more major concern for southern states. But also while they don't consume the water, they do use the water. If it's being used to cool nuclear plants it follows that it's not being used for farming, drinking, toilets etc. The water is still removed from the system. Following your logic nothing ever consumes water, because it all re-enters the system and has done for billions of years, but that is facetious. 

Do you suggest the use of salt water? A quick Google suggests to me that on a large scale that is not possible, despite it's use in submarines. 

Again I'm neither for or against nuclear on a moral basis. I'm just looking for someone to give a suggestion of how nuclear power would work for Australia in a hydrological sense. ",-3.0,1551473349.0,t1_ehktji9
eao2pny,worldnews,Except he's not nearly as rich as he should be given the position he was given. He's far behind where he should have been because he lost so much money in poor business decisions.,3.0,1543439812.0,t1_eanves1
chnyunu,Christianity,"I hope so,  given that it was a Catholic priest that developed the foundational principles for said Big Bang (or at least was the first to publish.  See: http://en.wikipedia.org/wiki/Georges_Lema%C3%AEtre",20.0,1400717503.0,t1_chnwg7t
ejwm3dg,news,"“Researchers are increasingly concerned about dramatic drops in populations of insects, which underpin much of nature. In February it was said that these falls could lead to a “catastrophic collapse of nature’s ecosystems”, and in March there was further evidence of widespread loss of pollinating insects in recent decades in Britain.”

Shit’s getting real.  ",7.0,1554156306.0,t3_b89xmo
da11zr1,worldnews,The east will be the new west. ,29.0,1479200084.0,t1_da108v6
ebui9y2,worldnews,More likely become a year round bike destination. Whistler has more glaciated terrain than most so they will he one of the last to close. As a lifelong passionate skier I fully expect skiing to collapse as a hobby in the next 100 years. Unless of course there’s an increase or stable snowfall in specific regions. ,2.0,1544889684.0,t1_ebtsmik
ehh8y7p,politics,My senator is a traitor!,559.0,1551367246.0,t3_avs8k6
i93wain,worldnews,"OMFG the dude is a clinical psychologist, not a climate scientist. The man literally said ""the climate is everything"" and the models can't include everything. That's so laughable my sides hurt! He's completely full of crap about the climate: https://www.theguardian.com/environment/2022/jan/27/word-salad-of-nonsense-scientists-denounce-jordan-petersons-comments-on-climate-models

Being an expert in one field <> being an expert in another field. In fact, in my experience, such people are often actually *dumber* about topics outside their area of expertise because they've transferred their confidence from their area to (misplaced) confidence in some other field they known nothing about.",6.0,1652900352.0,t1_i93vv2p
hig779j,ukpolitics,"LMAO, no it isn't. The SEC are losing the case and constantly push for delay after delay after delay. It's going to end with either a settlement or Ripple winning. If you followed the case even in the slightest you'd know that.

Edit: As for your edit:

>where are they now?

[Maybe you should take a look at this...](https://decrypt.co/55444/ripple-signed-15-new-customers-after-sec-lawsuit-says-garlinghouse)

[Ripple is also a member of the Digital Pound Foundation](https://www.financemagnates.com/cryptocurrency/news/ripple-becomes-a-part-of-the-digital-pound-foundation/)",0.0,1635466050.0,t1_hig6rmw
dpdl2pk,worldnews,A major UN meeting. Oh yeah. Thats gonna go down *greeeat*.,8.0,1509890994.0,t3_7axe63
cm92x7a,funny,One could use the exact same fallacy against the argument for man-made global warming.,1.0,1416590174.0,t3_2mz9zo
fksxpe2,worldnews,"Agreed, non-stop GDP growth is not sustainable.",2.0,1584500882.0,t1_fkqf8rv
du6l5jn,conspiracy,"Sounds feasible. Tesla did have a plan in place to develop unlimited, renewable free energy. Who knows if he could’ve accomplished it but there’s no doubt some rich and powerful people such as JP Morgan got in the way, cut his funding and didn’t allow it to happen because obviously it would’ve killed the oil and gas and coal industry ",1.0,1518535255.0,t3_7xa0bo
g6xn8l5,worldnews,I love how on informational sub Reddit’s the top comment that is making a valid point about a serious topic usually turns to the reply’s harmonizing to a Michael Jackson song. I love it.,4.0,1601280460.0,t1_g6xc3ec
dcaixxl,Futurology,"He flipped SIX blue states. If she was a good candidate, that might not have happened. ",-3.0,1484153729.0,t1_dcahvbe
dijb51a,UpliftingNews,It's a byproduct of fossil fuel processing. We get the plastic anyway when we make the oil. It'd be wasteful not to use it.,6.0,1496764685.0,t1_dijanuu
e16f9vw,science,"Again, the graphic does not agree with the statement in the previous text.  You can't say the temperature has increased by 1.2 degrees and then show it has increased 5 degrees in the graphic.  One of them is wrong.",1.0,1529784593.0,t1_e16ezn2
gqclg7h,worldnews,"Climate scientists have to ""dumb it down"" to a certain extent when talking to the general public. 
But higher average air & sea temps lead to more energy in the atmosphere...leads to more extreme/unusual weather",3.0,1615310104.0,t1_gqcfvut
f1ahmu9,singapore,"By $$$$$ 


The carbon tax is set at a rate of $5 per tonne of GHG emissions (tCO2e) from 2019 to 2023. Singapore will review the carbon tax rate by 2023, with plans to increase it to between $10 and $15 per tonne of GHG emissions 

by 2030.Jan 28, 2019",7.0,1569294240.0,t3_d8go6x
fkax2er,Futurology,Already has helped. Chinas emissions have went down so much that there likely will be a small impact on climate change,12.0,1584021440.0,t1_fkamjbi
fdhrcl3,worldnews,"Ah, I’m glad that us, Americans, are not alone with dumbass leaders.",0.0,1578428665.0,t3_elcb9b
dh2lu2k,worldnews,That's on them. The founders imposed a 2/3 majority on the approval of treaties for a reason.,1.0,1493815138.0,t1_dh2kcwr
fdqnjsu,environment,The US is a banana republic for oil companies. 99% of you are slaves. That's how it is.,22.0,1578670856.0,t3_emrbie
go1w5lt,worldnews,"Change our electoral system to a more representative one.

[Our current electoral system](https://m.youtube.com/watch?v=s7tWHJfhiyo)

Make peaceful change possible again.

Before it's to late.",31.0,1613771282.0,t1_go1ohv3
dfa0qq0,LateStageCapitalism,"Gotta love that ""neutral, unbiased"" headline.

""Bill would protect ignorant, anti-science beliefs under Maine state law.""",5.0,1490215626.0,t3_60x1ng
e99cgs1,politics,They are anti democracy but they are at least better than the USA when it comes to renewables.,4.0,1541633700.0,t1_e990veh
gek35ri,environment,Yes we are all in very high. But Tennessee is on par with France and eastern European countries are well below..,-2.0,1607051156.0,t1_gek09ot
egtlwzu,politics,Are you saying Californians aren't Americans? I don't understand that logic. So what if the majority of the 3 million more votes Hillary won came from California? Why should a vote from a Californian somehow not count in your book?,2.0,1550603859.0,t1_egtip8t
he1codf,australia,The average voter has the memory of a gold fish so it wont surprise me if it ends up working too.,1.0,1632446651.0,t1_he0smhh
hcmudaz,science,"The rate of change is the issue, as well as the timing of it. CO2 (and other greenhouse gas) atmospheric levels started to take a notable rise at the dawn of the industrial revolution (right when we started burning coal and oil in large amounts) and have continued on a very rapid pace. That, combined with the rise in average global temperature (global warming for short), has happened at an extremely fast pace as far as the history of ecosystems is concerned.

There's basically no evidence we've found of something else possibly causing both of these things *at this rate*, and a lot of evidence that things like CO2, methane, etc that we're creating are causing this. But even if we weren't, we are still on a very fast track (relatively, meaning decades to 100 years) to massive climate change, ocean acidification, and ecological collapse, which will drastically affect civilization and everyone in it.

I say all this as someone who was raised a fiscal conservative and didn't believe in global warming for the first 24ish years of my life, until I started reading up on the evidence and peer reviewed studies instead of listening to talking heads. It's here, it's happening, and for whatever reason (lobbying) conservative media and politicians have decided that ignoring the experts and coming to their own conclusions in a field they have no legitimate knowledge of, is the way they want to go. It's unfortunate, but it's true",1.0,1631493931.0,t1_h619kkr
hq0jbdh,worldnews,"This is the best tl;dr I could make, [original](https://www.theguardian.com/world/2021/dec/26/spanish-should-eat-less-meat-to-limit-climate-crisis-says-minister) reduced by 90%. (I'm a bot)
*****
> Eating less meat will play a key role in helping Spain mitigate the effects of the climate emergency, slow the process of desertification, and protect its vital tourism industry, the country&#039;s consumer affairs minister has said.

> The minister said that the country&#039;s geography made it profoundly vulnerable to climate change, adding the Spain people know and love is in danger of disappearing forever.

> Garz&oacute;n says Spaniards need not stop eating meat altogether but suggests they eat far less and ensure it&#039;s good quality for the sake of their health and the environment.


*****
[**Extended Summary**](http://np.reddit.com/r/autotldr/comments/routxk/spanish_should_eat_less_meat_to_limit_climate/) | [FAQ](http://np.reddit.com/r/autotldr/comments/31b9fm/faq_autotldr_bot/ ""Version 2.02, ~614507 tl;drs so far."") | [Feedback](http://np.reddit.com/message/compose?to=%23autotldr ""PM's and comments are monitored, constructive feedback is welcome."") | *Top* *keywords*: **Spain**^#1 **meat**^#2 **country**^#3 **minister**^#4 **Garz&oacute;n**^#5",3.0,1640516439.0,t3_roujo5
dby2iin,politics,"The Real War on Science - http://www.city-journal.org/html/real-war-science-14782.html

>While the greenhouse effect is undeniably real, and while most scientists agree that there has been a rise in global temperatures caused in some part by human emissions of carbon dioxide, no one knows how much more warming will occur this century or whether it will be dangerous.

>How could the science be settled when there have been dozens of computer models of how carbon dioxide affects the climate? And when most of the models overestimated how much warming should have occurred by now? These failed predictions, as well as recent research into the effects of water vapor on temperatures, have caused many scientists to lower their projections of future warming. 

http://www.ipcc.ch/pdf/assessment-report/ar5/wg1/WG1AR5_Chapter09_FINAL.pdf

https://judithcurry.com/2015/12/17/climate-models-versus-climate-reality/

https://quadrant.org.au/magazine/2015/06/climate-wars-done-science/

not so easy...but the actual issue is the answer

>Even if it were somehow proved that high-end estimates for future global warming are accurate, that wouldn’t imply that Greens have the right practical solution for reducing carbon emissions—or that we even need to reduce those emissions. Policies for dealing with global warming vary according to political beliefs, economic assumptions, social priorities, and moral principles. **Would regulating carbon dioxide stifle economic growth and give too much power to the state?** **Is it moral to impose sacrifices on poor people to keep temperatures a little cooler for their descendants, who will presumably be many times richer?** **Are there more important problems to address first?** These aren’t questions with scientifically correct answers.

",-5.0,1483457781.0,t3_5lsgu5
d2gs9jo,ShitAmericansSay,I don't think Peter Pan would make a Hummer.,1.0,1461605709.0,t1_d2g25fr
hosr9pq,canada,"I am choosing to be better. I am better at reducing my emissions than the majority of Canada. For that, I will reward myself. There is very much a tone of 'If you don't cut back on your meat consumption you are a bad person and you want us all to die.' I don't have a lot of money, I don't travel, and my emissions are definitely among the lowest in Canada. I don't want to be told that me eating meat is a genuine problem, because it is not when we look at the bigger picture. It is one of the few things in my life which I can actually enjoy regularly and I'm not prepared to give that up while people are able to go on international vacations, cruise ships, and other such wasteful leisure activities. Lets manage those things first and if me eating steak a few times a month is still too much we can revisit the topic.",3.0,1639672925.0,t1_hosqodh
f72gv01,Futurology,People and corporations are trying to fix the problem without letting us give them restrictive regulations! Something must be done!,1.0,1573362598.0,t1_f719bgm
ertstq5,CanadaPolitics,From conventional extraction methods. It can be extracted from seawater profitably and there is a near inexhaustible supply that way.,1.0,1561252201.0,t1_ertsqbk
iipwzze,science,"> Plot the curve

My understanding is that the hundreds of top climate scientists responsible for compiling the IPCC reports put in a *little* more effort than ""plot the curve"".

In general, naive curve fitting is *rarely* an appropriate substitute for actual informed analysis of the data.


> how off their predictions are

Let's look at that in detail, shall we?

[Look at the IPCC report from 2001](https://www.ipcc.ch/site/assets/uploads/2018/07/WG1_TAR_SPM.pdf), in particular Figure 5 on p.14.  420ppm CO2 wasn't projected until *2040*, and when it did happen it was projected to result in ~0.8C of warming *vs. 1980*.  Looking at [p.28 of the 2021 IPCC report](https://www.ipcc.ch/report/ar6/wg1/downloads/report/IPCC_AR6_WGI_SPM.pdf), we can see that 1980 was ~0.4C warmer than the preindustrial baseline, meaning the 2001 report projected our current concentration of CO2 would result in 0.8+0.4=1.2C of warming, which is very close to what we actually see.

So the science on overall warming due to increasing CO2 concentrations has been very stable over time -- the report from 20 years ago pretty much nailed the warming we're seeing at this level of CO2 -- but the main problem has been that human actions over the last 20 years have put *much* more CO2 into the atmosphere than had been anticipated.",21.0,1659487134.0,t1_iiptw4o
do7uahf,worldnews,">Here is some money to develop your oil and coal industries   

IMF probably",1.0,1507731140.0,t3_75k9gi
d65e5yp,worldnews,"> Water injection was popular even recently.

I thought that water injection reduced emission:

https://www.dieselnet.com/tech/engine_water.php",1.0,1470407920.0,t1_d64mgot
gt53eeu,politics,"Please tell us why M4A hasn't passed, keeping in mind it's got 60%+ public support.",-1.0,1617371931.0,t1_gt50m87
e7qjkr7,Futurology,"So edgy. Tell me why? And if its not Europe its Eurasia, still the old continent.",2.0,1539502344.0,t1_e7q9qf1
ia6nal6,science,Gonna miss your brown door.,1.0,1653653691.0,t1_ia5z586
dico1gi,California,Moving a problem doesn't fix the problem..just saying ,17.0,1496379224.0,t1_dicme4w
cafmfjq,science,"I'm not sure what you mean by the word ""baby"" in this context but I call the leg.",2.0,1370830984.0,t1_cafjx94
fp0pffm,Futurology,"If you clowns didn't lie and obfuscate, you'd never say anything at all.

One requires your magical abolition of the state and the changing of human nature itself required to sustain such bullshittery. 

The other requires someone to allocate the profits from these socialist business ventures  while changing human nature to sustain its own bullshittery.",1.0,1588214040.0,t1_fp097by
fe5yxsi,worldnews,"I was talking to a friend recently about how we used to bundle up for Halloween in Minnesota.

It's now snow free till January, if not February.

It just crept in slowly. But its there.",9.0,1578878051.0,t1_fe5trwv
cldx18m,environment,"I know.  But we need more people to listen to us, so we have to temper our anger sometimes to communicate.",2.0,1413746319.0,t1_cldwaj6
ho34w6u,WatchPeopleDieInside,Jimmy Fallon is not funny.,36.0,1639200387.0,t3_rdjtlt
csx16kj,worldnews,"Things take time to develop. Become an engineer, help with the situation instead of trying to hurt a company which provides 80,000 jobs for us, and energy for billions. I'd say they are doing the world a favor.",1.0,1436412948.0,t1_cswqv33
ecyrzld,politics,The Nazis did a lot of awful things. What you’ve stated here is a bad nazi like idea. Full stop. You can always shift the goalposts to say the Nazis did something worse they did the worst things imaginable but the less bad things were still bad ,0.0,1546286438.0,t1_ecydvmj
e55gxjz,worldnews,"That‘s what I‘ve been thinking for a long time.

The part that I don‘t get is, shouldn‘t some of them have children? Aren‘t they worried about the world they leave to them?",1.0,1535717975.0,t1_e5502b4
ddnok06,worldnews,"It's the citizens responsibility to educate themselves else they fall prey to crafty double-speak. Is it so hard to take an interest in your own personal education? 

Edit - So, it's not the role of the individual to educate themselves? Is it up to the state? The media? Your peers? ",-1.0,1486926727.0,t1_ddnntsw
d3wrx9r,politics,He outsourced manufacturing to a communist country and imported eastern Europeans rather than hire US citizens very recently. At what point do you take off the tin foil hat?,1.0,1465131675.0,t1_d3vrvgv
fl71d4m,EverythingScience,"No, the guy actually admitted it.",1.0,1584891290.0,t1_fl70dvc
da449y6,worldnews,not everyone favours the 'green tape' approach to life,1.0,1479387390.0,t1_da40c57
cqh076g,worldnews,"Most of the economically viable resources are deep down in the Earth. There is still a metric fuck-lode of iron, tin, lead, etc on the Earth's surface that would be very useful for Bronze and Iron age creatures. Then they'd have to figure out how to advance from those stages.",1.0,1429403831.0,t1_cqgtlm7
eiimkkm,politics,"There's a peak age range for criminal offending (adolescence to early 20's) and the generation that came to age in the 90's was much smaller than the ones before it; Generation X is also referred to as the baby bust generation. It could be attributed to abortion but preventative forms of birth control had increasing availability at that time as well. 1972 legalized BC nationwide, and the pill is astonishingly effective. ",3.0,1552578504.0,t1_eiiebfp
cm91npd,funny,"It's almost as if arguing about average changes over time can't be argued by focusing on one single event. The question was, why does this only come up when its cold, because the deniers tend to try to let it slide when it's super hot because it doesn't help the case they have made in their head, which is focused on single events.
",0.0,1416587768.0,t1_cm90r3g
fztde5e,Futurology,Or... learning to live in a way that doesn't deplete the resources.,0.0,1596158653.0,t1_fzs6vgc
et76404,Futurology,still podium position,-1.0,1562525595.0,t1_et714ge
icbqax6,space,"> I am deeply skeptical 2C is ""safe"" as you're looking at the guaranteed total melt out of the Arctic 

Well sea ice is set to decline so that there will be ice free summer at the end of melt season towards the end of the century. But this is already factored into modelling for future temperature changes. 

>with attendant loss of the polar vortex 

Where did you read this. Its formed due to the rotation of the Earth, it strengthens and weakens depending on other factors. It get associated with cold weather in the US due to SSTs, events high in the stratosphere over the pole in the winter. I am not sure you are not linking that teleconnection without understanding the physical processes. 

>y unstable weather patterns throughout the northern hemisphere. As just one issue of a whole pandora's box.

We would return to weather more similar to the Eemian interglacial. I am not sure that is ""pandora's box"". 

If find people who talk about complex physics in metaphors to not be willing to shift opinions when confronted with introductory meteorology.",3.0,1655212545.0,t1_icbpcst
g99f9j6,ScientificNutrition,It's an error or deceptive. Climate change is gradual (and no one is starving). Food shortages is an acute problem.,0.0,1603056049.0,t1_g98hpo9
fd8m2yn,AWLIAS,"Let's say we are in a sim... and the Earth/climate are part of it.

Now let's say that the climate itself is part of the sim. It's possible that, every now and then, the Simulator gets bored and decides to change things up.

So the climate begins to shift. At first it's only noticeable through statistical analysis. But then the effects begin to pile up and people start noticing differences in their everyday lives.

Without any other explanation (refusal to acknowledge possibilities based on Sim Theory) experts conclude it's all our fault.",2.0,1578220019.0,t3_ek5ql2
hj46vnw,collapse,"""Up to 3bn out of the projected world population of about 9bn could be exposed to temperatures on a par with the hottest parts of the Sahara by 2070""

It would be a miracle if you can get enough people to care about 2070. Heck, most won't look pass next month rent, and next summer's vacation. And if people in EU don't care enough about migrants now, why do you think they will care as most of the ""low suitability"" area is in Africa?",18.0,1635918981.0,t3_qlklm1
chlrilz,skeptic,">a popular new cable television series The Years of Living Dangerously produced by James Cameron and Arnold Schwarzenegger and featuring prominent figures like Harrison Ford, Leslie Stahl, Matt Damon and Jessica Alba

The Years of Living Dangerously was crushed by [reruns of Bob's Burgers.](http://www.showbuzzdaily.com/articles/the-sked-sunday-ratings-28.html)  Guess that's what passes as popular to Mann.

Bengtsson was harrassed and threatened because he's now been cast as a heretic in the global warming religion.",-7.0,1400509609.0,t3_25xmrz
eb0qbit,canada,"Agreed. Of course a lot of that is because consumers demand it, but many costs, especially transportation ones, can’t really be affected by anyone except those in the upper middle class and higher who can afford to buy all local, organic food. I think it’s great to reduce your consumption by however much you can, as long as you don’t use that to ignore the real problem, which is corporations and the very rich.",2.0,1543866336.0,t1_eb00ozj
etln60g,worldnews,Taxes on opium sales to the chinese,3.0,1562940799.0,t1_etlb1r0
c9vl4tx,politics,Obviously if /r/atheism wasn't such a circle jerk…,-6.0,1368120461.0,t3_1dzvhg
eex8bdl,Futurology,Belgium. 3rd Thursday in a row that kids don’t go to school but go to Brussels to protest against our politicians and the lack of measures against climate change and such.,2329.0,1548421025.0,t3_ajnhp9
egfdldf,worldnews,A Youtube video by someone named 'Spirit Science' and ripping off Extra Credit's style? Obviously this changes everything. EVERYTHING.,1.0,1550108065.0,t1_egfcykd
idg6d1s,collapse,"Yeah, if their pockets are severely damaged then something will change but until their interest and pockets are protected nothing will change.",8.0,1656002286.0,t1_idg657m
f9en4jy,Futurology,It was still about global warming in the 60s. That was the consensus among all the scientists. All the dystopian films like soylent green were about global warming (among other things),6.0,1575246845.0,t1_f9ehmuu
ey2497c,worldnews,"- I just wanted you to know that you can't just say the words 'rogue state' and expect anything to happen.

Edit: Someone didn't get the reference from The Office, I guess",0.0,1566723798.0,t1_ey23bj0
difaql8,vegan,My arguments aren't faulty.  You seemed to be arguing against fats in general.  You do need to eat them.  I'll admit that your typing might be faulty.,1.0,1496533820.0,t1_dif8tiu
estw1of,Futurology,"Only one way, convince the world to be ruled by one man...who coincidentally has a green thumb.",0.0,1562274218.0,t3_c927l7
f62fr1w,TrueReddit,"Practically every economist supports a carbon tax. 

http://policyintegrity.org/files/publications/ExpertConsensusReport.pdf

http://citeseerx.ist.psu.edu/viewdoc/download?doi=10.1.1.381.484&rep=rep1&type=pdf

https://www.reddit.com/r/Economics/wiki/faq_carbonpricing

And [so does most of the public](https://en.wikipedia.org/wiki/Pluralistic_ignorance#Examples). 

So, I guess I think it comes across fine? Idk, [even Milton Friedman was in favor of pollution pricing](https://www.youtube.com/watch?v=0YGfwSvLkC0).",1.0,1572658716.0,t1_f62d8mt
f32m6wy,australia,"Freedom to offend those they disagree with, then outrage that you're outraged...",36.0,1570617488.0,t1_f326pc9
d227xiu,worldnews,Ahh yes environmentalism. It's really terrible when people start to give a shit about the planet we all live on. /s,16.0,1460609782.0,t1_d224ulk
dme863c,worldnews,He rides a 79 Grenada https://youtu.be/6ImD4l1l0bA,1.0,1504212747.0,t1_dmduw4v
ecgj0z7,worldnews,"A good rule of thumb is to assume the former if it's someone on the internet, assume the latter if it's a Senator, Governor or a President, and flip a coin if it's a Congressman or lower-ranking state-level politician.",1.0,1545663331.0,t1_ecgieo3
cswusbd,worldnews,I view it once from multiple eyeballs,2.0,1436401979.0,t1_cswu0u5
dcduqqy,politics,"But, we can. I mean, not me, I'm just this dude, you know, but there are scientists whose job it is to do exactly that.",4.0,1484330409.0,t1_dcdsi43
doxqkvj,worldnews,"I know this will sound stupid but can someone make it 100% clear what there is to come because of global warming, it’s getting hot but stuff is getting cold too? ",1.0,1509053695.0,t3_78ugun
i1xmny1,ukraine,"""The common good consists of our shared values about what we owe one another as citizens who are bound together in the same society—the norms we abide by, the sacrifices we make.""

Anytime someone talks about the ""common good"" punch them right in the nose, they are about to take something from you.",2.0,1648131829.0,t3_tm7k7f
cjmot9n,politics,Not saying it is or it isn't. I'm simply saying we're not in the position to decide.,0.0,1407720227.0,t1_cjmoln4
gg3h82w,news,"You're the one claiming that moderate lifestyles are evil (only when Western, naturally). So surely your vaunted trash sorting nation will lead us into a superior and bright future of shit-based yurts and medieval hygiene.",1.0,1608169860.0,t1_gg3gp6n
ees6oav,EverythingScience,"Well, I’m christian and I know the facts and believe in them. As an example I do not believe in Adam & Eve story, I believe in the scientific terms.",1.0,1548267530.0,t1_ees4wk8
hcobqow,collapse,I'm with you. Love camping and the outdoors. It would suck royally without being able to resupply. Something goes wrong? Back to civilization. Take away that safety net and the feeling of freedom becomes terrifying.,2.0,1631529564.0,t1_hcktger
catxwl4,environment,"I think it's quite the opposite of free-market thinking, in fact.  If this were true fiscal libertarianism, the argument would read something like, ""the free market will decide if there is even a *need* for environmental protection, let alone its mechanics, and the government should not intervene.""  Taxing carbon creation is a mix of liberal ideals, progressive policy, and economic pragmatism.

It's the way economists think: encourage behavior you want, discourage that which you don't.  A powerful way for governments to discourage behavior is to tax it, specifically at the point of consumption.  And the government can decide how powerful that measure will be simply by how much they ""charge"" for carbon.

(Sources: [CBO](http://www.cbo.gov/publication/44223), [WashPo commentary on CBO](http://www.washingtonpost.com/blogs/wonkblog/wp/2013/05/23/seven-thrilling-facts-about-carbon-taxes-from-the-cbo/), [Economist](http://www.economist.com/node/16377337), [Economist Blog](http://www.economist.com/blogs/freeexchange/2011/09/climate-policy))

As for the suburbs comment, yes, government subsidies had something to do with that expansion, but none of those trends are possible without sustained cheap gasoline.  The market force, in this case, is easily the most powerful contributor, and it could be argued that government policy reflected the will of the market.

(Sources: [CEOs for Cities](http://community-wealth.com/_pdfs/articles-publications/tod/paper-cortwright.pdf), [Robert J. Shiller via HuffPo](http://www.huffingtonpost.com/2012/04/05/sprawling-suburbs_n_1405221.html), and from [*Suburban Nation*](http://www.assmotax.org/Releases/AMCT%20release:%20The%20Automobile%20Subsidy.php), quote, ""In the American version of [the Stalin consumer prices agency] Gosplan, **gasoline costs one quarter of what it did in 1929** (in real dollars). **One need look no further for a reason** why American cities continue to sprawl into the countryside"")",1.0,1372706064.0,t1_catw4zz
dfklp73,news,Below average isn't zero. We need  zero,1.0,1490814844.0,t1_dfjt321
f1pmdaq,worldnews,">And all this just one week before her mom published a book about climate change.

So? My mom doesn't support killing black people. Neither do I. That doesn't mean I'm a puppet controlled by my mom.",5.0,1569683889.0,t1_f1pfrie
ey2mkb0,worldnews,"Yeah, according to reddit that's all something new under Trump. Lol",-1.0,1566743348.0,t1_ey2g5vw
h61frnd,climate,"Before AC, everyone knew their neighbors, because everyone was outside every summer night.",-2.0,1626895725.0,t3_oomxil
f1l9a5q,CanadaPolitics,"Not sure how accurate that is.

[https://canadianenergyissues.com/2019/07/09/the-cost-of-wind-power-in-alberta/](https://canadianenergyissues.com/2019/07/09/the-cost-of-wind-power-in-alberta/)",-1.0,1569548806.0,t1_f1l5vqe
g8k4b1c,environment,"Even if that is the case this election I don't care.

Better than 4 more years of trump and certain climate destruction",12.0,1602472763.0,t1_g8k21lt
d3eralx,worldnews,I completely understand that but what is life without having a positive perspective? I know there are negative people but there are so much more positive. I'm aware the negative will be around to grab what they can but you have to overcome ,1.0,1463882084.0,t1_d3eqmq2
f1x3kaf,EverythingScience,I agree that climate change is an issue but we should not use kids for political type causes. It's manipulative and also all that emotional shit is not going to help solve the problem,-1.0,1569793265.0,t3_dauf5o
gbpbfvp,australia,Have they? I saw heaps of turbines when I was over there,2.0,1604911563.0,t1_gbpawo0
ebln448,politics,Don't watch CNN if you care about the climate.,4.0,1544575695.0,t3_a5bnq1
fm2f5bf,onguardforthee,"nuclear power puts the power and money into the few hands

renewables put the power and money into the many hands

the greens already explained this

not to mention nuke plants become targets for missiles",1.0,1585696245.0,t1_fm196gj
fgizhyx,badunitedkingdom,"> what Johnson said during an interview

Or so she says.",11.0,1580834101.0,t1_fgiyiik
e53mamb,environment,"""Jeez, what's his problem?"" - society",14.0,1535642358.0,t3_9bhjxb
g9sihn3,California_Politics,"Mike Davis has been writing about policies that seek to block natural burn cycles and the building of housing in high-burn areas is a road to disaster for a couple of decades now. These are indeed exacerbated by climate change—and the real estate lobby might be as tough an opponent as big oil—but this is probably an issue that needs to be addressed from several angles. 

[https://www.ic.unicamp.br/\~stolfi/misc/misc/SoCalFires.html](https://www.ic.unicamp.br/~stolfi/misc/misc/SoCalFires.html)",4.0,1603483098.0,t1_g9s50jf
iaizdyh,europe,"It has not inspired any terror in me, mostly pity for their idiocy. Pityism?",23.0,1653902967.0,t1_iaiz8d4
eazcuhx,worldnews,"That’s one way to look at a complicated issue. The problem of global warming will be very bad, but there’s no way of stopping it or it’s severity. It’s the unfortunate truth ",1.0,1543811947.0,t1_eaw2rin
gfodggu,shitbjpsays,"Meh. It's more or less true. 

India is the only country in the world which met the temperature increase standards stipulated by the Paris Climate Accord. And most of Europe's plastic waste is shipped to India for recycling. 

I get that India contributes to climate change too, but its contribution is far less than most ""first World"" countries and certainly less than that of China.",19.0,1607855629.0,t3_kc835n
e7tawd8,worldnews,This stupid brute should have been ousted from office a long time ago. His denial of the impacts of climate change and refusal to take any positive action about it should be considered a national security threat.,7.0,1539619435.0,t3_9obkgv
d8po3e1,collapse,Does this mean hurricanes will kill us before we destroy the planet?,1.0,1476322478.0,t3_5778q5
fgfm10t,Futurology,"Electric vehicles may not have the performance values needed to perform in many commercial vehicle roles, such as shipping. Thus they may need to be kept exempt as well.",1.0,1580742309.0,t1_fge6cfm
hgtzgl8,worldnews,"Whenever people say that she could have just abdicated, they need to think about the time in which she became queen. In this time, the monarchy was more important in the everyday Briton's life and an abdication would have caused a lot of upset and social instability, which was seen in her uncle's own abdication which lead to her father becoming king. While it was technically an option, abdication wasn't really an option. Just like how divorce is technically an option for a king or queen but isn't really an option.",11.0,1634365199.0,t1_hgtnnin
eml7aww,Futurology,Mexico will pay for it.,1.0,1557091615.0,t1_emjwcgi
e9glto0,enoughpetersonspam,Tell that to the Standing Rock Sioux.,5.0,1541905935.0,t1_e9fmndl
fct3r1h,worldnews,"Which modern reactors are you speaking about?

As far as I know the type that did render areas uninhabitable in Fukushima is a ""modern"" type, a boiling water reactor. (According to Wikipedia, the still active Gundremmingen plant in Germany is also of this type).

And ""cannot do this"" was also claimed before Fukushima did.",2.0,1577932103.0,t1_fct28y0
fyj1cum,Futurology,"> Bernie's voters showed up to vote in smaller proportions than Biden's.

This is what you're not getting though. *If they're cheating, why would you use the numbers they cheated with to show that they won?*

Exit poll discrepencies literally only helped Biden and some were as high as **8%.** You know what they signify? **FRAUD**. Otherwise known as a case where saying ""his base didn't come out"" is *fucking stupid because the numbers aren't correct.* Secondly, you telling me ""his base didn't show up"" when people:

1. Didn't get ballots in the mail and were forced to go to polling stations 
2. Were sent faulty postcard ballots without presidential ballots (about 200k in cali) and thus forced to vote in person 
3. when being forced to vote were met with hundreds of closed polling stations, for instance the Berkeley campus if 40k students had **ONE** polling station 
4. When people **did** vote, as the votes came in Bernie would always lead and then Biden would close the gap. You wouldn't expect a trend to result if the polling stations are reporting normally. The gap should stay the same. You'd only expect that kind of result of there were fraud 
5. Fraud has already occurred in Chicago in 2016 presidential and in 2018 in Florida where Tim Canova lost by **5% in ever single demographic** mathematically this is akin to *winning the lottery every day for a YEAR*

And I could go on but I'm tired. 

> Spin the numbers however you want 

This is exactly what you are doing...The point is, you are using circular logic to ""prove"" the point. You can't reach a correct conclusion based on false data. 

> Yeah, you have all sorts of voter suppression and corruption bullshit to deal with 

It's incredible that you can pinpoint the reason he lost so lucidly and yet completely dismiss it as invalid. You can't call out the game for being **unwinnable** and then pretend that the rules being fixed **don't matter.**
Either the game is fair or it isn't. If it **isn't then you have to call out the rules, not the players.**

You have to be either naive, stupid, corrupt or apathetic to do the opposite. I hope it is the first.",3.0,1595131411.0,t1_fyiugzm
fiy5x8r,Conservative,"> You can argue semantics all you want, but you can't deny that human activity has changed the composition of gases in the atmosphere, and that this change has altered a variety of things.

That is a meaningless observation. Every life form that has ever lived on the planet has altered the atmosphere, the biosphere, and the soil in some fashion. That means they are active participants within the universe. Humans being more so.

Warming is no worse for humans than cooling. Arguably cooling is much worse for us, as if we have another glaciation period like we had tens of thousands of years ago we are looking at potentially over a billion humans dying.",5.0,1582833154.0,t1_fiy4rt2
gl91egv,cyberpunkgame,"Image posting is currently under approve-only mode, so you will have to wait until a moderator manually approves your post for it to show up in /new. If your post is a meme, it will be removed outside of the weekend.

*I am a bot, and this action was performed automatically. Please [contact the moderators of this subreddit](/message/compose/?to=/r/cyberpunkgame) if you have any questions or concerns.*",1.0,1611936168.0,t3_l7w75i
ejdk6wk,worldnews,"Not to mention, farming out production to places with fewer environmental and occupational regulations and protections to save cost, coupled with giant container ships to move all that stuff burning the crappiest filthiest diesel that'll still burn, for the sake of better ROI.",2.0,1553555172.0,t1_ejdi5x3
ef9egj5,environment,"So this is a new trick which reduces to being a bait and switch. 

Establish a publication with reputable authors and work, then subvert it by dropping in ideologically motivated claptrap that rides on the coat tails of the history of better material to claim (undeserved) credibility. 

Looks like it's time for legit contributors to wise up fast and stop playing Thiel's little game.",3.0,1548770258.0,t3_al03km
da1j2r2,Futurology,[climate change is bullshit.](http://cfact.org/pdf/2010_Senate_Minority_Report.pdf) ,0.0,1479232498.0,t3_5d25r3
csb3q0i,climateskeptics,"That's like giving a study on religion.  A Baptist will know different facts then say a Methodist. 

Or if the teacher is so far leaning left, that she fails her students if they don't put her view down.  It's her facts, not the truth.  

https://video.search.yahoo.com/video/play;_ylt=A0LEVrzNJoNV9YsA_TwnnIlQ;_ylu=X3oDMTE0MjRrZ2t1BGNvbG8DYmYxBHBvcwMxBHZ0aWQDRkZYVUkxMl8xBHNlYwNzYw--?p=libreal+teacher+flunks+kid+over&back=https%3A%2F%2Fsearch.yahoo.com%2Fyhs%2Fsearch%3Fp%3Dlibreal%2Bteacher%2Bflunks%2Bkid%2Bover%26hsimp%3Dyhs-002%26hspart%3Dmozilla%26ei%3DUTF-8&fr=%26fr%3Dyhs-mozilla-002&turl=http%3A%2F%2Fts2.mm.bing.net%2Fth%3Fid%3DWN.IXTDblCX9YEvw8QqdoDeiw%26pid%3D15.1&rurl=https%3A%2F%2Fwww.youtube.com%2Fwatch%3Fv%3Du0rYN0B5xNM&tit=1010+Blowing+Up+Kids+is+Funny&l=1%3A19&vid=05de868227943f363f51c3e3fa1a447c&sigr=11b30cdlp&sigb=13bhnj2a0&sigt=10tlainsf&sigi=11vagktjh&hspart=mozilla&hsimp=yhs-002",8.0,1434658685.0,t3_3ablkt
cdj42cd,science,"I'm not saying climate change isn't the better term, for the reasons you listed. I'm saying the media uses them interchangeably, because they hate repeating terms over and over. 

You are talking to the one person on reddit who knows the most about climate communications, trust me. 

Or take a peek at my submission history and put 2 and 2 together. ",-1.0,1384983692.0,t1_cdj3z5e
f1bq3x2,ukpolitics,"It's still fairly inconvenient compared to petrol at the minute, though. Whacking it on charge while you do your shopping is one thing, but an hour is still a wait. 

That said, the charging times will only get better and better, as will the distances the vehicles can go on a singular charge.",1.0,1569340424.0,t1_f1bknlr
gvkabhl,politics,"Hi `gordon22`. Thank you for participating in /r/Politics. However, your submission has been removed for the following reason:

* Already Submitted: This article has been submitted to /r/politics within the last three days:

https://redd.it/mw40fg

I'm a bot and sometimes I make mistakes. If you have any questions about this removal, please feel free to [message the moderators.](https://www.reddit.com/message/compose?to=/r/politics&subject=Question regarding the removal of this submission by /u/gordon22&message=I have a question regarding the removal of this [submission.](https://www.reddit.com/r/politics/comments/mwv1ro/biden_this_will_be_decisive_decade_for_tackling/\))",1.0,1619184001.0,t3_mwv1ro
cl9d2h9,news,And that's probably all before they figure out that America has been accelerating the problem with our denialists controlling the dialogue instead of working to solve it with the greatest research powers in the entire world at our disposal if only given the funding runway to do anything about it.,14.0,1413310897.0,t3_2j8agk
di4ezn8,worldnews,It's beautiful on web too. They have a free to use api as well so I am really surprised that r/dataisbeautiful does not have too many posts from this site's data.,1.0,1495914788.0,t1_di48zb3
d1bvjar,politics,"I would love to read about how the vast majority of the world's scientists who agree that man-made climate change is happening as we speak are all ""criminal pseudo-scientists"".",3.0,1458834569.0,t1_d1bv7mz
eu15uxq,worldnews,"It's not just heat. Drug resistant bugs, water's running out, political instability due to dictators galore.

I'm not going to speculate as to how things will go wrong, but I know that people will die because of it, and I hope it's the ones responsible. The executives and the shareholders who forced us down this path for the past 40 years.",85.0,1563361116.0,t1_eu145s2
dk6anpl,communism,Perhaps if communist organizations stock pile supplies to assist them and agitate and educate. Realistically we'll likely see camps erected to contain them.,10.0,1499965557.0,t1_dk66yta
dn8auzy,news,"Warmer oceans produce fewer but stronger hurricanes.

http://oceanexplorer.noaa.gov/facts/hurricanes.html",1.0,1505852421.0,t1_dn89ukv
erzidxw,samharris,">The Logic Man assured us that right-wing violence is a non-issue

Citation needed",-1.0,1561436951.0,t1_erz5pf0
cb325xu,climateskeptics,"The reason for the meetings was to convince the utilities to inform the public of the likelyhood of blackouts.

",4.0,1373900516.0,t1_cb2z9ru
dn2flob,Documentaries,That's not how brigading works...,1.0,1505522884.0,t1_dn2dzmu
cswxh09,worldnews,...and yet they ***never*** base this size of a company on the tax they pay. Apple and Exxon are minnows in that regard.,0.0,1436406617.0,t1_cswunyj
clrk8b9,worldnews,Well that's fucking depressing! ,1.0,1415002049.0,t3_2l3bb7
f7bfsbo,worldnews,"The lucky country is running out of luck, explain most of the lack of leadership time for citizens to rise up and come up with solutions.",1.0,1573567666.0,t3_dv7pk6
dtitjbz,politics,"I can see Robert A Heinlein spinning in his grave, not through disagreement, but through orgasm.",4.0,1517413593.0,t1_dtipicm
elo46yg,Futurology,"Can't be literal, and no, I'm not saying not every white person wants to hurt brown people, I'm saying if we're going by that literal ratio, at a certain point you'd need to be killing more brown people than the entire population of the Earth",0.0,1556124430.0,t1_elnwwy2
eyakwi9,politics,"""Hey, Warren. Sanders wants to fight you in the woods to prove he cares more about the climate than you do. What will you bring to defend your honor?""",208.0,1566964911.0,t1_eya0f3h
h3zmr70,moderatepolitics,"Maybe I misunderstood the article, but I thought their point was that trying to reduce our energy requirements to prevent climate change was a nonstarter - partly because it takes our lives back to the middle ages - but rapid adoption of clean energy sources would allow us to maintain our standard of living.

That doesn't seem hamfisted to me... it seems realistic knowing human psychology.",0.0,1625370820.0,t1_h3y9u26
er7ezax,politics,Codswallop. There is plenty of food for everyone.,0.0,1560576197.0,t1_er7dhiw
gkar54p,science,"It's a bit old now, but still valid.  Here is a dataset if curious: https://github.com/fivethirtyeight/russian-troll-tweets",2.0,1611377861.0,t1_gk9fjya
hewacb6,environment,There is no money in prevention currently built into the system. The current system is to extract as much wealth as possible and damn the consequences.,2.0,1633035272.0,t3_pys3y1
gnmq8a7,news,Well to be fair it did used to be called global warming for decades until they changed it to climate change as apparently it was misleading....,1.0,1613468208.0,t1_gnmq11w
ieuu670,environment,"Well half as many animals would be slaughtered. 

I agree vegan is best but to most people that sounds too hard. Getting them to cut back is actually possible.",5.0,1656964047.0,t1_ieunp47
dfkyjso,politics,Wish I could say I was.,5.0,1490829515.0,t1_dfky58t
czfsddt,politics,"She should have said, ""No, Bernie, you are wrong bc that was a statement and not a question.""",-2.0,1454026220.0,t3_434dqo
dfhy3mp,politics,"
As a reminder, this subreddit [is for civil discussion.](https://www.reddit.com/r/politics/wiki/rulesandregs#wiki_please_be_civil)

* Do not call other users trolls, morons, children, or anything else clever you may think of. [Personal attacks, whether explicit or implicit, are not permitted.](https://www.reddit.com/r/politics/wiki/rulesandregs#wiki_no_personal_attacks)

* Do not accuse other users of being shills. If you believe that a user is a shill, the proper conduct is to report the user or send us a modmail.

* In general, don't be a jerk. Don't bait people, don't use hate speech, etc. Attack ideas, not users.

* Do not downvote comments because you disagree with them, and be willing to upvote quality comments whether you agree with the opinions held or not.

Incivility will result in a **permanent ban** from the subreddit. If you see uncivil comments, please report them and do not reply with incivility of your own.

***


*I am a bot, and this action was performed automatically. Please [contact the moderators of this subreddit](/message/compose/?to=/r/politics) if you have any questions or concerns.*",1.0,1490670479.0,t3_61wwrf
ih67pls,worldnews,">I love how this has prompted a big group sharing of Dumb and Dumber quotes.

Anything to remove attention from the actual subject at hand, right?",0.0,1658486177.0,t1_ih4aijh
cb5ncl9,politics,"Space exploration, electric grid and broadband are all involved in cleaner better energy. Power is power. That's the point. Clean energy is another way to say sustainable. You cannot have unsustainable starships.",3.0,1374196911.0,t1_cb5mzm7
f0kfsva,Futurology,"If I can't, maybe we should be out there doing lines of coke off strippers stomachs then. No point in crying about it. And especially no point in making tyrannical changes to peoples lives that makes them miserable. Find happiness in the time we have left.",0.0,1568678551.0,t1_f0kfdhr
etl3xai,environment,">That isn't actually true. 

[Here's an informative](https://documentcloud.adobe.com/link/track?uri=urn%3Aaaid%3Ascds%3AUS%3A887d4db6-f1ec-4bcf-8f2b-03c0c1e455c0) brochure meant for children explaining how decomposition and the natural circle of life works in nature and ecosystems.

[Here's a informative study](https://study.com/academy/lesson/what-is-an-ecological-imbalance-definition-lesson-quiz.html) on how ecosystems work and their delicate balances.

>Not everything.

[Almost everything](https://royalsocietypublishing.org/doi/full/10.1098/rspb.2012.1890), there's a study detailing how climate change causes mass extinction(spoilers: us too), and how easy it is to fuck over the ocean and ecosystems are with miniscule(but global) man made influences. [and again, we, as the human species, are fucked](https://theconversation.com/will-climate-change-cause-humans-to-go-extinct-117691)

>Do you know what happens after mass extinctions?

>[Their study shows](https://www.eurekalert.org/pub_releases/2019-04/uob-erf040419.php) that global recovery from this extinction, which killed the dinosaurs and left a gaping hole in the biosphere, took around ten million years as new innovations had to first appear, then finer differences or specializations could be evolved.

It's fine, we just have to survive for 10 million years as a species until the environment on this planet recovers. Ez pz lemon squeezy(if they survive, since lemons are a human invention)

>LOL no. There is quite a bit more time than that.

[Really? How much time?](https://earthobservatory.nasa.gov/world-of-change/DecadalTemp) centuries? Millenia? The industrial Era has only been around for a little more than a century and they were warning about temperature increases back then. Estimates might be off, the effects aren't.

>It is kind of like certain parts of earth are more habitable for humans than others....

[Yeah, so let's reduce the habitable areas then](https://earthobservatory.nasa.gov/world-of-change/DecadalTemp). More deserts and unhospitable arid areas. More erosion and less farmland. More flooded coastal areas. Don't worry we'll just all cram into the few remaining areas right?",3.0,1562920298.0,t1_etjusp0
drwoq3p,Green_Anarchism,"Maybe, but small farms in India have other worries, like being affected by sand mining for concrete",2.0,1514555116.0,t3_7jmf93
d5rh01f,politics,It's not his responsibility. Which makes his active choice to do it even more convincing.,-1.0,1469542312.0,t1_d5rfy48
en3k71u,politics,"And if parents really cared about the wellbeing of their children, they wouldn’t have made them in the first place.",4.0,1557560216.0,t1_en2ihg3
d9wqb0b,politics,"On top of this, I could expect China to be a big exporter of energy products since policies are likely to be against renewables.",1.0,1478918777.0,t3_5ch0bo
gbgc7r9,science,"NY is NE as well.  As someone else mentioned, PA and everything North and East of it.",2.0,1604758034.0,t1_gbgbkgg
i9qpfh2,climateskeptics,">The light switch may become something the world has to stop taking for granted.

Thanks to Tony for posting this nonsensical video, which is likely responsible for more eye rolling than any video out there at the moment.  It's really incredible to watch this guy make it through that couple of minutes without breaking into hilarious laughter.

I'm guessing this will age about as well as Biden's earlier statement:

>""Due to the steps we've taken, omicron has not yet spread as fast as it would have otherwise done,"" Biden said.

Lol...ok Joe.

>""But it's here now, and it's spreading, and it's going to increase ... We are looking at a winter of severe illness and death for the unvaccinated – for themselves, their families and the hospitals they'll soon overwhelm,"" he added. ""But there's good news: If you're vaccinated, and you have your booster shot, you're protected from severe illness and death.""

Lol..ok Joe, time for your nap.",3.0,1653346996.0,t3_uwcsa8
df7j6gx,worldnews,"inconvenient truth incoming:

we don't have enough ressources, that 7 billion people can live like the average western person. The only solution is to lower on our luxuries AND be less people. ",15.0,1490082965.0,t1_df74nd3
hzfvaf0,worldnews,"There is not a better time than now quite honestly.

🇺🇦 Glory to Ukraine! 🇺🇦 Слава Україні!

https://bank.gov.ua/en/news/all/natsionalniy-bank-vidkriv-spetsrahunok-dlya-zboru-koshtiv-na-potrebi-armiyi",9.0,1646478849.0,t3_t76s20
cpocwxv,news,"[Why I am a climate change skeptic](http://news.heartland.org/newspaper-article/2015/03/20/why-i-am-climate-change-skeptic), by Patrick Moore, co-founder of Greenpeace. 

Global warming is a politically-motivated hoax.",-7.0,1427144531.0,t3_2zzlz0
ddlk95w,news,"Teaching Creationism isn't an argument... man some of you people can't handle losing a conversation that you just churn out dumb responses.
",1.0,1486777827.0,t1_ddlk4y9
ckvoi02,environment,"A: I think you may be in the wrong subreddit, if you disagree with most climate scientists that, and believe that anthropogenic climate change isn't real. 

B: So I'll bite; what *is* more important, in your opinion? ",2.0,1412009729.0,t1_ckvmke7
datk7pc,worldnews,"Other costs besides ""pollution based costs"" being? You know how much a single wind turbine costs to build, deploy, install, and maintain? When its not producing because the wind isn't cooperating, you know what its doing? Costing money. Same thing for the high price of photovoltaic implementation. And when its sitting there at night not producing? Costing money. They are both great technologies and should be part of the coming future of providing all energy needs cleanly, but as you will see in my other posts here, I really feel for the future of green energy in Australia, nuclear's clean and hyper efficient power is the way to go.",1.0,1480961464.0,t1_datjrd3
hui6vxf,inthenews,"I guess I don’t see eye to eye with you then, I don’t see people for the side they lean on. Alex yea is a conspiracy theorist 100% but  I mean he got some things right. Sure it’s a coincidence, but I mean the man is entertaining. Another thing I don’t think he just supports “a right wing Narrative” I mean sure the guy has air of people on who typically lean more right. But the dude likes guns and wants everyone to be happy and smokes weed. He had snoop dog on and even a political candidate who is a DEMOCRAT leaning left.  I think it’s silly accuse people to be leaning to either side. It’s like making a joke about one side puts you on the other…. Tim Dillion is a fucking comedian man the guy makes fun of Donald Trump, Joe Biden and meth addicts? You’ve got to be kidding that you believe these people are doing it for the narrative. 

Also love the automatic downvoters in this sub that can’t think on an individual level lmao.",1.0,1643324070.0,t1_huhl1on
d9vo097,Futurology,I think Trump's victory was a consequence of low voter turn out. People were just completely uninspired by the choice of candidates and [even Trump had a pathetic amount of support for a Republican](https://www.instagram.com/p/BMmnUlggMnU/).,2.0,1478858281.0,t1_d9vjyxw
f8kqwwj,EverythingScience,You're only powerless if you think you are.  Do you have the fortitude to live a live with out using fossil fuels?  Al Gore sold fake indulgences to make it seem like one cared about climate change.  How much are most folks in the developed world willing to spend on climate change?,1.0,1574614198.0,t1_f8km94c
deb88nr,EcoInternet,"yes, over the last 800,000 the climate has cycled from a peek of 300 part per million to a valley of 180 parts per a million.  So for well into the batter half of a million years at has stayed in that range.  In 2013 we passed 400 parts per million.   This is unnatural. ",3.0,1488262912.0,t1_deb81ee
ikkrcph,collapse,Who knew the Me mentality would be so self-defeatist when it came to protecting the environment...,4.0,1660686432.0,t3_wq3q8p
cqye079,politics,"Indeed, for comparison that would be 0.065%.",1.0,1430774589.0,t1_cqxzatd
cy28myh,climate,"> then 97% would also think that there is an energy imbalance that is shifting the equilibrium point higher.

Thanks for actually understanding my question and giving an answer.",1.0,1450363845.0,t1_cy1otjd
da0tff5,science,"I don't think the GGGP poster was saying we are alone even when (s)he says ""why we are alone in the Universe"".  I think oswaldcopperpot is referring to the [Fermi paradox] (https://en.wikipedia.org/wiki/Fermi_paradox), or more specifically, section 5.4 from that wikipedia article, that the reason we do not see evidence of advanced alien life is that it is the nature of intelligent life to destroy itself.",2.0,1479181572.0,t1_da0sh8k
fdj15jo,Futurology,"No, this is a conspiracy being spread by the right wing to discredit claims that climate change is leading to longer and more severe bushfire seasons. They are blaming The Greens (the environmental party), even though their policy is in favour of harm reduction burning. Harm reduction burning still occurs. If anything the season for harm reduction burns is now shorter due to longer summers because of climate change. 


https://www.google.com.au/amp/s/amp.theguardian.com/australia-news/2019/nov/12/is-there-really-a-green-conspiracy-to-stop-bushfire-hazard-reduction


https://greens.org.au/bushfires",8.0,1578455791.0,t1_fdj0nx4
gveo62j,science,You expect me to find someone to have a kid with and then also that I’d have enough money to help raise it? Let alone thinking of the future of the planet,1.0,1619063480.0,t3_mvrmgc
gac7ssv,worldnews,"The point about letting the world burn, was that as long as idiots like yourself are launching divisive attacks based on race placing blame, people are going to ignore the issue.

It’s not a point of myself not caring, as pretty clearly from my earlier comments I care.

I can say that however I rather doubt you really care about climate change if you are willing to make it about race rather than 99% of humanity vrs 1%.  Like it or not it’s divisive and people check out.

Your point is that history is racist and sexist?  What does that have to do with getting all humans to work together towards a common goal?  Oh nothing that’s right.

“Until non white nations decide to wage recourse wars”

You do realize that the majority of the nuclear weapons, military tech, bombs, planes, aircraft carriers and military ability is owned by the white nations?

Even if we bring India/China into the game it’s not exactly concerning,  in a future resource war they are going north into a defensive Russia armed with tens of thousands of nuclear weapons.

The rest of the non white nations are not going to exactly be an issue.  

So we went from we can possibly get 99% of humanity working together.  You decide you want to blame white nations because racism and history.

The only place that’s going to get non white nations in an unliveable hell scape and ya a slightly less unliveable world for white nations.

I mean personally I could live to 80 most likely (another 50 years) and never see food shortages or major disadvantages from climate change.

Keep making this about race and watch more people not care.  Great job genius.",0.0,1603850198.0,t1_gac6k86
dcacq9d,Futurology,"Because the less efficient systems are already in place, I suppose",1.0,1484146305.0,t1_dca8ysg
f3tdicp,AustralianPolitics,"> Believe me I understand the science, I'm just not bothering to humor you by discussing it.

hahahaha.... sure you do.  You weren't even aware of how cosmic rays can seed clouds.  But sure, you know the science.

>I have far better things to do than investing my time trying to educate a nobody online in a variety of extremely complex and interconnected topics.

Ah, the busy life of a Uni student.

>But people like yourself aren't really interested in facts you're only interested in confirmation bias.

I linked you to a CERN website talking about cloud seeding.  But my links aren't good enough for you so you won't follow them and you refuse to learn anything you aren't being taught at Uni.

And you accuse me of confirmation bias?  Laughable.

>Thus the reason I'm not even going to bother wasting my time on you intellectually.

You seem to be wasting quite a bit of time on me already.  It's a shame you won't learn anything through this though.

>Your type

Oh, I see.  You just don't want to listen to me because I'm black.

>Meanwhile in grown up land we derive that satisfaction by actually solving problems and helping people.

Ha.  Dude, what are you, like 21 or something?  ""grown up land""?  Hahaha.",0.0,1571129094.0,t1_f3td9du
c2yg2qp,worldnews,They have scientific data showing temperatures have risen but they can't accurately measure the anthropogenic impact of the warming.,1.0,1320861360.0,t1_c2yfy4e
dt85itq,worldnews,"Ok, you could discuss if the Persian Gulf is part of the Indian Ocean or not, but it will definitely be fully affected by a raise in sea level, the whole of the UAE is a peninsula and Dubai is a coastal city. They would be royally fucked.

https://www.thenational.ae/uae/environment/climate-change-and-rising-seas-could-spell-disaster-for-uae-s-coastal-cities-1.671922",1.0,1516899521.0,t1_dt83zo1
ecruvxt,Futurology,"I can't give you an exact amount of square miles/kilometers. I'm just saying that - relative to the size of the world , state , or country - we can easily store nuclear waste without worry.",1.0,1546047754.0,t1_ecrtpxw
doxsr0r,worldnews,it's funny how you wrote 2 paragraphs and still haven't pulled up a source for your vague original comment,5.0,1509056173.0,t1_dox4acd
ehv67p3,EverythingScience,Actually it is what I said. Several times. What I didn't say was it's too late. You aren't reading the words I'm writing.,1.0,1551817583.0,t1_ehv5z1n
fbgv7za,politics,"you still need those production chains, though, to maintain it, and climate change will interrupt them.

the truth is it doesn't make much sense. neither does 'U'BI as an 'answer' to automation. it's doesn't answer it at all.",-1.0,1576859351.0,t1_fbguxs4
g8wn095,politics,"That second part is going to be a nightmare. As I can't wait to hear ""Your threatening our majority."" On news and by centrist democrats.",1.0,1602775440.0,t1_g8w679c
duytxly,politics,They already lost virtually the entire scientific community over climate change and evolution over the last few decades.  The GOP didn't seem to mind then.,3.0,1519836163.0,t3_80x0va
dkspg7j,antinatalism,But remember that *we* are the selfish ones for not giving them what they think they are entitled to.,8.0,1501168999.0,t1_dksnrbw
dsz6nup,technology,"Define a once-in-a-generation disaster?

Chernobyl?
Fukushima?

Both have killed fewer people, combined, than what coal does annually, worldwide. 

That, and if you research the far deadlier incident, Chernobyl, you'll understand that accident should have never, ever happened. The fault for that one lies entirely with the morons that pushed the reactor beyond its design, causing the catastrophic damage.",6.0,1516474933.0,t1_dsz5ydd
dmdtsj0,worldnews,And what was Galileo punished for? Being a dick to powerful people or his heliocentric model? Heard of Mendelian Genetics? Or the Big Bang Theory?,9.0,1504198081.0,t1_dmdt77t
i87j2av,collapse,Add a little bit of a CBD rich strain to your bowl.,7.0,1652289678.0,t1_i87bjy2
czi2x6m,politics,"http://drexel.edu/now/archive/2013/December/Climate-Change/

http://www.theguardian.com/environment/2013/feb/14/donors-trust-funding-climate-denial-networks

http://www.washingtonpost.com/blogs/the-fix/wp/2014/01/06/mapping-the-koch-brothers-massive-political-network/

http://www.thenation.com/article/180267/exclusive-behind-koch-brothers-secret-billionaire-summit

That should help get you started.",5.0,1454200817.0,t1_czi2ahe
fi3w67c,technology,"Money doesn't scale like that though. Having 100 billion vs 90 billion will have no meaningful impact on his life. He still gets to sleep on his golden mattress and wipe his ass with Amazon stock. Now donating $10,000 of your $100,000 can mean eating in every night, not saving for retirement, or foregoing any extra fun activities.",-11.0,1582128928.0,t1_fi3n9or
dr6ht2o,worldnews,"Easiest way is stopping the fucking fossil fuel subsidies.

Genuinely have no idea why more money is given to profit machines. ",1.0,1513153625.0,t1_dr5jmin
g0mvw5i,nuclear,"It’s looking that way.  But only advanced nuclear.  And at the same time there have recently been attacks on both NuScale and Oklo from different sources.  So we’re at the stage where the general concept of advanced nuclear will be deemed acceptable, but the individual designs will be nitpicked to death. (If we let that happen.  Don’t let that happen.)",6.0,1596768670.0,t1_g0lycu5
ci3isfo,canada,"This kind of misinformation should be illegal.

Edit: Redditors have pointed out that this could of course never be, given our ideals of free speech, which I agree with. The ignorance is hella frustrating though!",84.0,1402365944.0,t3_27qsyk
fdsjfmq,worldnews,"The arson explanation doesn't even pass the smell test. Think about it: how many arsonists would you need to not only set an entire continent on fire, but also maintain it for weeks?",1.0,1578703901.0,t3_emu1eo
c4xl44b,science,"There is no easily deployable renewable source with predictable availability, and we don't have the tech to store excess supply usefully.

Hell, in the UK they turn on an entire idle gas power station as soon as the advert break for a popular soap opera starts, to handle the sudden extra load as millions of households turn on their 1.7kW electric kettles.

I'm all for heavy deployment of renewables, but I'd appreciate a shot of realism amongst its advocates. I don't want my PC to only work on sunny or windy days.",2.0,1339099997.0,t1_c4xir6s
fcmf8nx,politics,"Idk how it is, but you should see the emissions that a boat emitts. There's no rules on boat exhaust, so those diesel motors are just PUMPING away",-11.0,1577773076.0,t1_fcmdrad
ikdyz3j,politics,"Nothing new...just money as usual. The Citizens United decision and continuous lobbying by the energy sector has sped things up, but it just the same old, same old.",1.0,1660574379.0,t3_wozgtd
d9vfe11,politics,"This is the most elitist comment I have ever seen upvoted this high. It is precisely comments like these that drove masses from the ""crappy red states"" to vote while every person from your beloved ""rich, wealthy blue states"" stayed at home watching Netflix or were stuck at work in their investment banking jobs. 

I am from a red state and vote contrary to what most people in my state vote, but when I hear elitist shit like this it really makes my blood boil. The arrogance and hubris of the left, which it seems you adopted directly from the HRC culture, is exactly why we lost every single fucking branch of the government.",-7.0,1478838438.0,t1_d9vcbrt
cwy3ojs,science,"Lucy was a hominin, [The Hominini is a tribe of the subfamily Homininae; it comprises three subtribes: Hominina, with its one genus Homo; Australopithecina, comprising several extinct genera; and Panina, with its one genus Pan, the chimpanzees. Members of the human clade, that is, the Hominini, including Homo and those species of the australopithecines that arose after the split from the chimpanzees, are called hominins; Not all hominins are directly related to the emergence of early Homo.](https://en.wikipedia.org/wiki/Hominini) Hominin are members of the Homo Sapien species. Lucy is not 100% Homo Sapien but she does have Homo Sapien DNA in her. ",1.0,1447361382.0,t1_cwy35z1
e7fhyi2,books,"More like, it was written by a twitchy fool for other twitchy fools.",17.0,1539052596.0,t1_e7f9vln
c2qcdqc,worldnews,"Nothing short of shutting down the industrial economy will do anything to avert the effects of climate change. There's not much to be done within the framework of an industrial economy. The truth is, there are no politically viable solutions at this point.",4.0,1318269182.0,t1_c2qbugo
ckre8gd,energy,"Why? What is the ""right"" temperature for the planet? We're exiting an ice age. The Earth used to be more green than it is now, so why do we need to reverse the insignificant warming we've recorded to-date above our arbitrary baseline?",1.0,1411580462.0,t1_ckqz71i
ewuikgz,AustralianPolitics,https://www.stats.govt.nz/indicators/new-zealands-greenhouse-gas-emissions,2.0,1565782414.0,t1_ewu9gp5
hdfj8hl,collapse,https://earthsky.org/earth/how-much-oxygen-comes-from-ocean/,0.0,1632030758.0,t1_hdfihmw
cxhop0z,canada,"Pretty clear where the pressure has been coming from... [France has offered a key concession to the US on the eve of historic climate talks in Paris, saying a new global climate accord will not be called a ""treaty"" and might not contain legally binding emissions reduction targets.](http://www.cnbc.com/2015/11/28/france-bows-to-obama-and-backs-down-on-climate-treaty.html)",5.0,1448865538.0,t1_cxhoigm
cpt48w6,environment,Those evil NWO Rockefellers,1.0,1427503070.0,t3_30hv41
eo0elee,energy,And this is why we can't have nice things.,8.0,1558166495.0,t3_bpy8cz
emu0imx,worldnews,">The reason is because the issue is too politicized. We have people like AOC going on TV and saying ""We're all going to die in 12 years if you don't hand over your money to us so we can fix it.""

...and part of the politicization is people completely misrepresenting what people like AOC actually say.",40.0,1557326643.0,t1_emtwy1s
cowuz2d,news,"It has nothing to do with being static or dynamic. It's the rate of change.

Do you people honestly truly research what it is you disagree with? It's the same rebutted arguments over and over. ",16.0,1424886164.0,t1_cowuk33
g4duc3n,energy,This is how I know you're either not a democrat or you're lazy/illiterate. HRC literally had 100+ heavily researched and detailed white papers explaining her position and plans for everything from climate change to poor water access in the Appalachians. To pretend there hasn't been detailed plans available says far more about you than about Democrats.,15.0,1599517076.0,t1_g4dex8i
ecgp7zt,worldnews,"I'm not arguing it doesn't contribute to pollution. I'm saying it's not a carbon based energy source.

Creating wind turbines using coal-produced electricity produces emissions too but that doesn't mean wind turbines are a carbon based energy source.",1.0,1545669156.0,t1_ecgocd3
dtcy6ql,politics,Seriously? Can you not read? ,1.0,1517133575.0,t1_dtcy5wt
eqbqjwq,politics,"Ok, What is he running on?",1.0,1559953795.0,t1_eqblg2j
eryxxv1,ukpolitics,"You're not actually making any concrete points ffs, you just keep dancing around the issue and changing your deflection every now and then. Whatever, debating with libertarians has *always* been a waste of my time.

Even if the action itself is pointless, it has symbolic power, and if my existence in the UK has told me anything it's that symbolism works just as well as facts for swaying people.",3.0,1561420454.0,t1_eryxbsx
cbeyy9i,worldnews,"I was pointing out the absurdity in you claiming America is last in the world in green tech, when in reality almost every metric shows we are first.",13.0,1375383748.0,t1_cbeyufw
eaox7i7,politics,I'm sorry but is it just me or are you suggesting communism?,1.0,1543463012.0,t1_eal4v6k
hi7b59x,worldnews,"That some people prefer commuting solo is a compelling reason to build biking infrastructure, which many cities and towns of all sizes do, though it seems to be significantly less common in the United States, which also seems to have a general social disdain for bicyclists.

Though as for the issue of people playing audio on speakers, I find that a good pair of noise cancelling headphones - and strategically moving around as necessary to distance yourself from noise generators - does the job plenty well. I’ve used XM3s for two and a half years and swear by them.",7.0,1635304375.0,t1_hi75zqk
himocku,collapse,"I guess the idea is you turn it into a carbonate or something using photosynthetic bacteria or turning it into a carbonate via a chemical process. Something that doesn't hold much chemical energy like hydro carbons, but it at least captures co2 as a solid.",4.0,1635591521.0,t1_himmpdk
f1fpt6q,Futurology,"Yea it was obvious by the sheer amount of attacks that this was a coordinated thing, sad really that saving the planet has become so politicized.


People also need to realise that just because some scumbags have used it in the past for profit, does not mean that its not true and no harm can come by helping get rid of some of the crap we have released into the wild..",0.0,1569450050.0,t3_d975ue
eawnqc9,Futurology,You are an idiot.  Trump is the only western leader who has reduced emissions since taking office.  Facts...try them out sometime!,-1.0,1543732584.0,t1_eawid42
dcamd69,Futurology,"The issue here is the amount of Americans who don't understand any aspect of politics. They also believe every single word that comes out of his mouth. They don't take the time to learn about foreign policy and national security. They don't understand 95% of political terminology. So when someone like Trump comes along, who has the vocabulary of a three year old, they all love him. The only words in his vocabulary are ""amazing, so great, overrated and yuge."" I can't even imagine Trump giving a farewell speech that remotely comes close to the caliber of Obama's last night. ",1.0,1484157433.0,t1_dca9nvv
i27cu30,collapse,"Bam! Just like that I'm done. I already stopped eating beef because a prion outbreak was swept under the rug, but this makes me not want to eat chicken, or pork either. 

Due diligence on finding canned fish that isn't from a farm, and hunting. Fuck this shit.",6.0,1648309837.0,t3_toqxy4
est362u,Futurology,Yea but if it doesn’t make people money no one is going to do anything. Remember profits first before anything.,1.0,1562261536.0,t3_c927l7
c8122ck,australia,Are you being serious?,1.0,1358804944.0,t1_c80xliu
dme5un3,worldnews,"Why is it that science is used by the church only in some cases whereas normally it is not applicable and ""you just need to have faith in god""?",1.0,1504210326.0,t3_6x6op1
f79c7sn,Libertarian,">cc is gonna toast the planet

Nah, nuclear energy is the future. Although it could take longer than it is ideal if all the burdensome regulations on nuclear energy aren't done with.

Look at countries like Greece to see what massive amounts of debt can do to a country. We're screwing over the younger generations to subsidize today's voters.",1.0,1573505512.0,t1_f798ht7
gsrrhq0,worldnews,"There's a term - ""climate refugees"" - here in Oregon we see a TON of people from the south coming up here. In many ways I felt compelled to follow the flow, i've often thought of moving to BC. All I can say is that it's probably going to get worse for you too. It makes me so sick and sad, we have nowhere to run.",11.0,1617081184.0,t1_gsrqnhh
egq9lh6,Futurology,"Not to disagree, BUT, there is actual fundamentally sound scientific data that shows an imminent threat to lives and livelihoods due to climate change. We need to, at bare minimum, harden our infrastructure to withstand this change, or we can predict the increased damages.

There's no similar data for the border. Nothing shows the catastrophe that Trump says is there, because there is no data that shows any sort of increase in illegal border crossings. 
",18.0,1550499202.0,t1_egq37i8
eai40bj,ukpolitics,You were probably not in the areas where it was super hot for months.,3.0,1543242460.0,t1_eahzvkz
d5vl7zt,politics,"Would I get ""triggered"" if 11 million people with family and friends and lives in the US got forcibly sent back to wherever they once left (presumably for a reason) by some modern day gestapo? Well, fuck yes I would. What the fuck kind of human would not be offended by the reality of that suggestion? Look at that in practice, the details it would actually entail. Hunting them down (I imagine many would go into hiding), taking them away from their children, their family and friends, their jobs, their houses, their entire lives, locking them up, sending them on busses or planes or trains to a place where many would no longer have any connections or support, never to return. You really want that in the USA?

So I suppose yes, I'm guilty here. I am frightened that anyone would not be ""triggered"" by that happening.",1.0,1469773921.0,t1_d5v9hd2
dgyhy9g,politics,"You are getting your wish of giant monopoly companies beholden to no-one but their unimaginably wealthy owners.  It sure looks like communism (Comcast anyone?) which, after all, was a business monopoly run by people who called themselves the government.",2.0,1493583549.0,t1_dgyggye
c0tmt18,pics,Why is that insightful?,3.0,1278437337.0,t1_c0tljgp
enidxkk,science,"Um ... click bait.  Obstacles include ""poor conversion efficiency of the reaction"" ... meaning it takes a lot of electricity to change CO2 back to carbon ... meaning that it takes a lot of carbon burnt to create the electricity ... meaning that this technology is no where near prime time.  

Carbon capture where CO2 is broken down has to deal with simple thermodynamics.  Burning carbon to CO2 releases energy.  Converting CO2 back to carbon will require energy in.  There will be a hard limit to how low that energy cost can be, and it will be higher, inevitably, than the energy you get out of burning the carbon in the first place.

If this stuff is going to be sustainable, we have to be able to burn the fuel created for less energy than it takes to make it in the first place.  And that's known in other design settings as a perpetual motion machine.

Either that, or you have to create a way to get really cheap, carbon free energy, in which case why would we need this electrode at all?

Click bait.",-4.0,1557864588.0,t3_bon0e6
gsulhq4,worldnews,"Not enough scientific evidence!

/s",1.0,1617141687.0,t3_mg2gap
cuobed2,science,"I think that you cannot reverse climate change and any extreme ways to achieve this will ultimately fail and do more harm to the human race than good.

There are two reasons for this.

1.)  We still don't know if we are causing the majority of this global warming.  Consensus of humans causing climate change is not the same.  And also consensus does not make it fact.  So reducing emissions may not do anything but will harm our economy a lot.

2.)  We can't reduce emissions a significant amount.  The biggest reason why we cannot reverse it is because we can't reduce emissions to zero.  We may be able to do a 25% decrease, but it will make no impact and create huge hardships on people especially the poor.  25% reduction is more like a 40% reduction due to population increase which will increase emissions inevitably.  Let's say we do reduce emissions by 25%, this will eventually be offset by population increase overtime.  The only way we can achieve any significant reduction is through the significant reduction of the human race. 

I agree that certain actions are harming us due to the pollution, but stopping them will not reverse climate change.  Doing any positive action other than population decrease will not have any significant effect.  I am not saying we should continue to pollute and not care.  But at the same time, don't shoot ourselves in the foot.  We should do what we can do reduce waste and emissions but not to an extreme extent that will affect our research and our economy.  The ultimate goal should be adaptation to the new reality.  New technologies to absorb back some emissions (eg. storing CO2, not saying it contributes to climate change, but that high concentrations will eventually affect our air quality).  Being open about moving some of our cities and farmland as that will change.  Possibly set up funds to help people move from coastal areas.  This is a more realistic and achievable goal.

To summarize, we are doing a pretty good job so far.  Car pool lanes, bike lanes, composting, Converting gas to electric.  but ultimately they will do very little for climate change but will ultimately improve the quality of the air.  Now if all governments accepted climate change and that it is irreversible, we can work on adaptation.",-9.0,1441213718.0,t1_cuo34t1
ccf2vaa,australia,">Wrong metric, good try though.

By wrong metric, do you mean calculating warming by temperature... (revisit this below).

> As I said, water has a high heat capacity so large changes in heat energy aren't as readily reflected in temperature changes.

Essentially, you're saying there is absolutely no-way to prove what you're suggesting then (unless ocean thermal energy can be calculated). If you could provide a graph of Time vs. Ocean Thermal Energy then that would be great. P.S. Preferably not right next to an underwater volcano...",-4.0,1380116056.0,t1_ccf2s36
eb2moa8,Futurology,"And yet had not thousands of climatoligists done the studies, and had not millions of other people brought climate change to her attention, she would have absolutely no idea that it was even happening.",-9.0,1543937830.0,t3_a30g8i
db9tat8,environment,"Republican response:  ""So you're saying it's still being debated and scientists aren't sure?""",47.0,1481903451.0,t3_5inz9i
es1ftzb,politics,"I don't mind the tactic. I mind the threats of violence, using an armed militia, and use of firearms to intimidate people.",8.0,1561495867.0,t1_es1dp5c
eawri1f,worldnews,Well my car died this morning so I'm doing my part,1.0,1543738163.0,t1_eavsf7w
e7alou8,worldnews,Climate change will never be stopped while the main goal of our economic system is profit. ,2.0,1538859296.0,t3_9lw4e6
drapbmr,politics,Have no problem with this if he is putting himself on the list as a national security threat.,1.0,1513358563.0,t3_7k0nr3
dma7rie,politics,Whats more important to grasp is that events like this will happen more frequently due to climate change-- specifically warming of the ocean. ,10.0,1504018929.0,t3_6wqput
fdh35fg,worldnews,Can we also reply for proof?,2.0,1578414372.0,t1_fdh0ef8
evbgz8b,worldnews,"On last years record that’s a bit deceptive. You’re not really comparing apples with apples, are you? 

Penrith lakes station only started recording in 1995 so this “all time” record is not necessarily a record for anyone in Penrith over the age of 25. 

There was no official BOM station in Penrith in 1939 or 1896, two notoriously hot years, when it might have been hotter. 

However in the past, the population of Penrith was low in comparison. There was less concrete and more trees. Less roads and less housing, no sky rises and many more farms and forests. So of course it’s probably hotter now. Urban heat island build up is a significant phenomenon which everyone seems to ignore.",-2.0,1564377026.0,t1_evb9sgl
d6zimi5,worldnews,"[Animal farming is responsible for 14.5-18% of global greenhouse gas emissions](https://en.wikipedia.org/wiki/Environmental_impact_of_meat_production#Greenhouse_gas_emissions), and thats rapidly rising with 2 billion Indians and Chinese going from little to no meat to western style diets.

[All transport (rail, ships, cars, planes), only account for 14%.](https://www.epa.gov/sites/production/files/2016-05/global_emissions_sector_2015.png)

We have to reduce greenhouse gas emissions by *at least* 10% in order to stop hundreds of thousands of people dying in the next 20 years (not us of course, poor people), and millions by the end of the century. Realistically we're going to have to reduce by far more than that because the rising middle class in india and china are not going to deny themselves the luxuries we've been enjoying for decades, so we need to counterbalance their increase.

Is it more unreasonable for everyone to stop eating meat, or for everyone to stop using cars, trains, planes and ships?

>Much more will get done in the long run if we advocate for change now at the local levels and continue to try to shape policy.

Nothing will change if people continue to live lives that create the demand for pollution and then claim they want the government to do something about it. There's a reason no government is seriously restricting greenhouse gas emissions. They would immediately be voted out of office the second they imposed serious taxes on greenhouse gas emission (significantly increasing the cost of meat, electricity, heating, transport).

""Someone else fix it"" is not a strategy, its a fantasy.

>Getting rid of meat in lieu of vegetables is a change that most people won't make

Then government raising taxes on greenhouse gas emissions is a change they're not going to make. That's literally the easiest and most consequence free change anyone can make. It literally changes nothing except for how food tastes. It's cheaper, healthier and pollutes less. If people won't do that they sure as shit wont add $5,000 on their annual energy bill or stop flying.
",1.0,1472351034.0,t1_d6zh6wq
di78ejc,worldnews,"A suicide bomber can kill dozens. Stronger and more frequent hurricanes due to warmer seas, droughts, and wildfires due to dry conditions will kill tens of thousands. You also need to consider that warmer temperatures will broaden the range of infectious diseases around the world, which could kill thousands more. 

Climate change is not a hoax lmao. There's a robust body of scientific evidence that suggests climate change is a genuine threat to humanity... 
  As if cleaning up the Earth is some kind of liberal conspiracy lmao. 

Also, stop being a pussy. The goal of terrorism is to cause terror. By responding with fear, you and our society in general is giving them the validation they are seeking. You're encouraging them",5.0,1496093977.0,t1_di76rg6
ehtsg9i,politics,"its going to be much sooner than that, sooner than you can believe. mass crop failure is 15 to 20 years away - at most. not many people know when they're in the good years, enjoy it now.",11.0,1551771799.0,t1_ehtkrqh
dcp3661,politics,deleted  ^^^^^^^^^^^^^^^^0.1294  [^^^What ^^^is ^^^this?](https://pastebin.com/FcrFs94k/60125),-1.0,1484960544.0,t1_dcp31f2
da3mbq2,worldnews,If you think Trump will do anything but destroy this planet you are uneducated.,-1.0,1479347071.0,t3_5daiyb
hl20v0y,environment,"There's nothing feel good about telling people we need to cut annual global CO2 emissions in half in less than 10 years.  It will require a massive reduction in the quality of life for hundreds of millions and maybe even billions of people. The suburbs will have to abolished and people crowded into dense urban apartments.  Cars and leisure travel will have to be abolished.  Imports of non-necessities will have to be prohibited.  

Of course the Saudis (and the Americans, Canadians, British and EU) aren't going to like it.  But people's feelings don't matter. This is what needs to be done, and it needs to be forced upon them whether they like it or not.  The only one peddling feel good fantasy here is you echoing the lying politicians that we can wait until 2050.",1.0,1637193894.0,t1_hl0x1lh
igloyft,Futurology,"I live in an area of Canada that's extremely coal-dependant. By choice. They had the option to start the process to switch like, ten years ago, and they didn't want to. It was cheaper not to, and they didn't have to.

I hate that attitude; there's zero responsibility. And ultimately the people of the generation before me, and potentially even before my parents, are mostly to blame; if environmental warnings had been taken seriously even 20 years ago, would people be suffering now?

It's heartbreaking people care so much more about their wallets than what's better for the general health of human beings.",6.0,1658116758.0,t1_igjq4z7
ecl8lvk,politics,Says the guy with at least two lavish homes and two kids. That's not helping the environment. Talk is cheap. ,-26.0,1545837751.0,t3_a9ona8
fqxwp23,politics,It's not pessimism or optimism.  It's just a simple use of history as a guide.,8.0,1589739004.0,t1_fqxvzgf
f91tdrw,Futurology,You are pretty immature I hope u can grow up soon,0.0,1575000653.0,t1_f9168ba
d9wnm5j,Futurology,"Well, we'll see if the person they voted for can bring those jobs back, and if they'll vote for him again. I doubt it'll work out that way, but I'm no seer.",1.0,1478914484.0,t1_d9wljwr
eabsm11,space,"It's just replicating a portion of what happens in every major volcanic eruption. It won't have any effect on ground-based astronomy, and a negligible effect on solar power.",0.0,1543014238.0,t1_eabl8ou
fow5dj8,ClimateActionPlan,"German government has done their best to kill the renewable industry, dont take them by their word",11.0,1588113318.0,t3_g9raka
d0r5z20,politics,"They really need to grill Rubio and Cruz.  Neither of these guys will admit global warming is here and caused by us.  I think it's important for Republicans to make sure these guys are willing to all east deal with to problems,  rather than ignore them like they ignore the idea itself.  ",1.0,1457382677.0,t3_49coc4
ekpn6gu,Michigan,"No, because one party is reasonable and other is anti-science, anti-life, and pro-fairy tales that make them feel better + ""God."" 

The GOP is wrong. Pure and simple.",26.0,1555074210.0,t1_ekp5jw9
db46vrv,Futurology,"By siphoning the surplus wages from the workers below them. Imagine if the proletariat had the dictatorship, oh the problems they could solve without resorting to the whims of their overlords.",1.0,1481580828.0,t1_db3aknq
ddst4qu,energy,"If coal and gas as a mature technology can't succeed without subsidies, then they probably should die.  I don't think they'll die without subsidies though.",5.0,1487206657.0,t1_ddssq31
ejormti,saskatchewan,">Fuel prices have gone up consistently and look around every major city.  People keep getting bigger vehicles.

I've posted this before, but it's important. [Increases in fuel prices really do cause people to drive less and buy more efficient vehicles](http://web.utk.edu/~jlarivi1/docs/LaRiviere_Timing_V12.pdf). It's been observed, studied and proven. Regardless of what Saskatchewan people *feel* is true, we are not exempt from the laws of supply and demand.

> They come out with more efficient stuff but we just waste more because there is no incentive not to.  

You're right! Luckily there is a way to create an incentive through taxation.

>  To suggest giving the government money will help the planet is mind numbing at this point.   

Again, you are fundamentally misunderstanding the purpose of a carbon tax. The point isn't for the government to collect money and somehow use it to solve the problem. The point is to directly influence consumer behaviour by increasing the cost of emissions.

&#x200B;

&#x200B;",5.0,1553892349.0,t1_ejoldgt
ef8gg5o,collapse,Umm... yeah the climate obliterating human life globally will do that. Fucking ridiculous headline,15.0,1548736043.0,t3_akwa1h
f73yhje,Futurology,"I'm saying that the existence of false or gag names in an open petition means literally nothing when there is a near consensus among the actual living scientific community. Debate them, not Micky Mouse.

>And these lunatics want to not only slow population growth, but actually start to decrease it.

The arguments against the sustainability of our population trajectory are pretty convincing. Why do you think world population should keep growing when it's only exacerbating every single problem we have?

Do you have an actual argument against these ""lunatics"" or do you just *feel* like endless growth and propogation is the meaning of life?",2.0,1573396331.0,t1_f73nq28
f3az0y5,worldnews,">chrome
If you're still using that they're gonna have all your data anyway",18.0,1570796844.0,t1_f3atohu
euqhuot,environment,"The solution is we need to elect the person who is most likely to beat Donald trump, not whoever we personally see as the best candidate. Would I rather have Bernie than trump? You bet. Do I think that’s a realistic outcome of the two go head to head? Not at all. Thats really the entirety of my point",1.0,1563978777.0,t1_euqhdt6
e6wwmwr,politics,"Don't shit on religions... They provide hope for common people and give some rules to make life easier. It doesn't make you smarter if you don't believe in some kind of God(s). Besides, ""religious"" people who denounce climate change aren't really religious at all or are ignorant.

I'm not religious at all, but someone had to start big bang, right?",-5.0,1538323520.0,t1_e6wqkjh
ff9bejo,Futurology,"Why would you call anyone a zoomer if you've born in 1998? wtf? you are younger than me.

&#x200B;

Then I just hope you just voted them to be edgy or some shit like that. They made a lot of memes to attract younger people. Once you see their real politics hopefully you'll choose a better option, even if you want to vote conservative or right wing there are plenty of other options that do respect basic human rights and do not think fascism or the holocaust as a good think (and they want to vaccinate our children, which is a plus). Ciudadanos in particular (even more if Igea wins) is a good liberal/conservative party that actually supports XXI century politics.",2.0,1579709119.0,t1_ff9ax7w
cpnzr9n,news,"Good for you! Now you enjoy your juice-box and crackers, and tell all the others in the home I said ""Hello"".",1.0,1427124168.0,t1_cpnyw8y
eqdjz1u,worldnews,That should just be able to pay for one report into the state of the worlds climate.,2.0,1559990547.0,t3_by3at8
ignw1ld,technews,We need more geothermal hvac systems,1.0,1658163443.0,t3_w1rd6f
er3yuq1,Futurology,"I followed it all very closely, reading much of the literature and following the media and the various actors involved. It came to a head and a complete and final debunking in 2010.

The debate is over.",1.0,1560476522.0,t1_er3whs9
ehnm5sz,Futurology,">All fission reactors ""..."" create nuclear waste that can't be used for anything but is still deadly to humans.  
>  
>That deadliness will last for hundreds of thousands of years.

You know that deadlines and half-life are inversely proportional? So either this stuff remains quite safe for a very long duration, or highly dangerous for a very short duration. Because if the waste causes high values of radiation, it also decays with a much faster rate and vice versa. That's dictated by physics, so there are no exceptions to that rule. 

Current nuclear waste tends to be of the low danger, high duration time, so it would need comparatively low effort to store it safely (put it in a barrel and some concrete around, done. If we chose to recycle it though, we will end up with far fewer, but more dangerous waste, but even so, those comparably minuscule amounts would by no means cost more to store than the value of energy generated in the process. Sure, this stuff would take a century to become ""safe"", but unless you deliberately try to get killed by taking samples, chances are astronomically higher that your recent holiday trip via plane was more dangerous when it comes to radiation.

And by that argument, solar panels would be even more dangerous, considering the amount and toxicity of waste products created in the process. And batteries. And wind turbines because comparatively many people die simply by operating/building/scrapping them. ",1.0,1551563119.0,t1_ehngxmg
cqw3gks,environment,"Yeah, Lindsey Graham! Nice to see South Carolina produces more than just dumbfuckery. ",9.0,1430581772.0,t3_34me3u
egmjs5s,worldnews,By the time they're able to do anything it will be too late. This needs to be fixed today. ,2.0,1550357781.0,t3_ar9pry
fkqcb7v,worldnews,Someone who doesn't want a car. Not someone who can't have one.,-1.0,1584440099.0,t1_fkq2exg
fae1mk4,worldnews,"You are making a lot of assumptions based on nothing. Have the money to enjoy these things, and I work hard for it. You completely ignored the fact I said that my work goes hand in hand with making the world a better place. That typical, focus on the bad thing that follows your way of thinking and ignoring the rest. I probably do more for a better world than you, while living the good life. And that's something you can't take, basic jealousy. Take Elon Musk for example, he's actually doing a lot for a better world, but he also lives the good life. But the way you take it he's a bad man. You're just ignorant to the fact that you can do good, while enjoying life as well. You do see it black and white, you only focus on the negative, to me you are a joke. You don't know me, or what I do. But you do assume I'm destroying the world, laughable. You just keep hugging trees and complain, while I will actually make a difference instead of blaming others.",1.0,1575991712.0,t1_fadq96d
fji41fx,SandersForPresident,"This is why.  He's taking bribes from the fossil fuel industry.

[AFTER CLIMATE FORUM, BIDEN HEADS TO A FUNDRAISER CO-HOSTED BY A FOSSIL FUEL EXECUTIVE](https://theintercept.com/2019/09/04/after-climate-forum-biden-heads-to-a-fundraiser-co-hosted-by-a-fossil-fuel-executive/)",1.0,1583360246.0,t3_fdf6so
cqdma5f,Economics,"For what reason? Current climate models do an excellent job of simulating many [observed trends and variances on different time scales](https://www.ipcc.ch/pdf/assessment-report/ar5/wg1/WG1AR5_Chapter09_FINAL.pdf). Uncertainty is an inherent component of such simulations, but quantifying them allows scientists to make statements about how the climate might react to certain forces. These models are far from perfect, but I would be  surprised if so many of them independently arrived at the same set of incorrect results.",7.0,1429134191.0,t1_cqdk2h3
ikp13tj,theworldnews,"It looks like OP posted an AMP link. These should load faster, but AMP is controversial because of [concerns over privacy and the Open Web](https://www.reddit.com/r/AmputatorBot/comments/ehrq3z/why_did_i_build_amputatorbot).

Maybe check out **the canonical page** instead: **[https://www.bbc.com/news/science-environment-62569394](https://www.bbc.com/news/science-environment-62569394)**

*****

 ^(I'm a bot | )[^(Why & About)](https://www.reddit.com/r/AmputatorBot/comments/ehrq3z/why_did_i_build_amputatorbot)^( | )[^(Summon: u/AmputatorBot)](https://www.reddit.com/r/AmputatorBot/comments/cchly3/you_can_now_summon_amputatorbot/)",1.0,1660763428.0,t3_wqxbi7
f8kfyhh,simpleliving,"Man, you vegans are a bitter bunch of folks. That's why I just tell people I'm vegetarian. I don't want to be lumped in with y'all.",2.0,1574610747.0,t1_f8kexmm
hh98h84,science,So what changed it before humans were around? Genuinely curious what in the entire life span of earth has brought the most change and how would it look if humans never came about?,1.0,1634664439.0,t3_qb77ch
i65oexs,MorbidReality,Whatever life he had left could have been spent making a difference in climate change.,17.0,1650908691.0,t3_ubf9wj
ebpjk7s,news,"Welcome to the world of the conservative who isn't terribly fond of Trump! 

Not crazy enough for T_D

Not liberal enough for most of the default subs

Hated by pretty much everyone on reddit.",4.0,1544721845.0,t1_ebp9xfm
emssktg,worldnews,Just don't give the money to a brutal dictator this time,1.0,1557286269.0,t3_blzb3b
chaosbn,worldnews,Trade existed before money hoss.,1.0,1399348241.0,t1_chamykv
cpp6tbi,science,"Because climate science is actual science, and economics is fictitious mental constructs that are made up as we go along. ",-4.0,1427213213.0,t3_304f52
h9nim6b,TrueAnon,"It’s probably because we see what’s actually going on and hates all political parties and don’t see how we can get the corporations, oligarchs, the CIA (army of the Fortune 500) and organized crime to relinquish or be defeated. 

The iron law of institutions 
The people who control institutions care first and foremost about their power within the institution rather than the power of the institution itself. Thus, they would rather the institution ""fail"" while they remain in power within the institution than for the institution to ""succeed"" if that requires them to lose power within the institution.",40.0,1629461802.0,t3_p83x1z
dungfzd,collapse,deleted  ^^^^^^^^^^^^^^^^0.6430  [^^^What ^^^is ^^^this?](https://pastebin.com/FcrFs94k/22050),5.0,1519308521.0,t1_dun81hp
ebxx2n7,worldnews,"Ah, so they are idiots who oppose an efficient and environmentally friendly source of power.",1.0,1545001797.0,t1_ebx0bd4
g5g3ql7,climatechange,"I was literally coming here to post basically this exact same comment. Essentially the only densely populated places where winter weather is a significant hazard are Russia, Canada, and the US.  Maybe some high-altitude pockets like the Vale of Kashmir or a couple cities in Peru.  But there are many more people in the tropics and near-tropics than in the Arctic and northern temperate zones.  And this is becoming more true every decade.  India and Nigeria are on track to become the world's most populous countries by 2070.  China, Japan, and most of Europe are declining in population.",3.0,1600236364.0,t1_g5g2peg
ef15adk,worldnews,"Yes, definitely, 5 and 6 are entirely possible and would lead to total extinction, and people need to know that too. I haven’t seen a lot of mainstream written articles willing to go that far except for one that’s a summary of a book and doesn’t look super legit even though the info is correct, so I don’t post it because I don’t want people to get distracted attacking the source. Here for anyone curious: http://globalwarming.berrens.nl/globalwarming.htm

I’m at work so I’ll have to watch your vid later! ",2.0,1548527255.0,t1_ef13jxe
dex7v6g,dataisbeautiful,No matter what I show certain members of my family they'll always deny the evidence or call it fake,1.0,1489512814.0,t3_5za9ft
f0kbcum,vancouver,">making virginity pledges

If you think never having kids = never having sex, you’ve been missing out.",5.0,1568675162.0,t1_f0k19eg
gfsm1rb,worldnews,"Radiation has a ^2 relationship with distance, so, not yet. Solar irradiance at Earth is 45% less than Venus",7.0,1607934544.0,t1_gfsfnsm
hdzryoj,science,Oh.... How encouraging. So maybe I won't be old and decrepit when I die and gasping for air or trying to find some cooler area with shade,-1.0,1632421141.0,t1_hdzmlun
er6byft,worldnews,"That'll turn the public against them, especially those who don't wanna be late for work.",5.0,1560544326.0,t3_c0k82z
dtd0bhp,worldnews,"Considering all you have to offer is feeling, and were offering actual data and information...well, if you don't get the picture you might want to remove your head from your anus, it's much brighter outside of that cavern. ",1.0,1517139145.0,t1_dtd0ac1
d6zfzt4,worldnews,That does in no way make the consequences of climate change insignificant does it? Of course the earth will survive climate change. But our civilization will be heavily impacted.,2.0,1472346443.0,t1_d6z8bwb
gvg2klz,science,"I get that feeling as well. Car payment? Buy a cheaper car. You don't need a $20,000 vehicle. Get something that's $5-8k and properly maintain it. Sure you probably won't have heated seats and remote start but you also won't have a significant car payment.",-4.0,1619100878.0,t1_gvet7b2
iev66d9,collapse,"I used to try to talk to people who said we have control of the house/senate/presidency, but I don't anymore.  They're gonna keep their heads in the sand and believe what they want.  *shrug* I guess it makes them feel better like their nylon shirts w/ the recycle symbol on em.",0.0,1656969235.0,t1_iev5oi4
h610p5h,science,"Geothermal heat pumps should be mandatory in all new construction and retrofits heavily subsidized, like, yesterday. HVAC is the largest load modern power grids have to deal with - with rising temperatures traditional AC units are going to have trouble keeping up, and since we need to electrify EVERYTHING we need to not waste time and energy on resistive electric heating.

This would reduce our carbon emissions while the work on moving our grid away from fossil fuels, reduce peak energy demand AND make a sustainable grid easier to see in a shorter timeframe.",6.0,1626889416.0,t1_h5zvls2
d865mq4,environment,"Yes really.  He did leave, but because of Isis he sent troops back.  Notice you are talking a few hundred not hundred of thousands.

Libya did not create Isis.  A, Isis existed since 2004.  B.  How would an attack in Libya create Isis in Syria and Iraq.  Just makes zero sense.  C.  Trump was very clear in his support for Libya attack.

Getting off topic by going into Syria debate, but think not sending troops to Syria was a big positive.  We are not at war with Russia in Syria, but we always would have issues with Russia support of Assad and his attacks on civilians.

Don't think anyone lying by saying we are not attacking Isis in Iraq since we clearly are.  Trump would like to ramp up this drone attacks.  Honestly, are you ignorant of trumps positions or just railing against us policy in general?



",2.0,1475102015.0,t1_d861miw
eedrpxr,Futurology,"Ok got it yes, however this assumes people choose renewable resources as their energy source. But they don’t. Unless you have solar, every time you plug something into the wall, including electric cars, you have no way of knowing if that electricity is coming from coal or wind turbines. So while someone might see oil prices go up and not want to pay more on gas, electricity prices would also increase based on the assumed increase in demands. 

I get the theory, but I don’t know if the incentives are encouraging renewable resources as much as efficiency (by either cheaper mining methods or renewables).

But I wasn’t an Econ major either 😁",3.0,1547842673.0,t1_eedp47c
f9f80bf,metacanada,I want to say FUCK HER but in reality FUCK HER HANDLERS. I hope one day in the near future she gets red pilled and exposes these climate frauds for what they really are.,2.0,1575262079.0,t3_e4ld96
c9nw6op,Futurology,The US has hardly any elections contested with proportional voting as far as I know.,5.0,1367094695.0,t1_c9nvwqe
fkqdqqj,worldnews,Too funny yet too true!,1.0,1584441884.0,t1_fkptpve
ig33py0,CryptoCurrency,"Well it wouldn't surprise me. Here in Canada, we can't produce our own oil (that's extremely environmentally regulated) because heavy crude produces more emissions when used, so instead we buy our oil from countries like Saudi Arabia that have absolutely zero environmental regulations.

It's a fixed game.",1.0,1657771392.0,t1_ig33f3l
e0y3b9m,worldnews,"""breaking news: God is in fact a sadistic extraterrestrial warlord""",26.0,1529436458.0,t1_e0y2ud2
eq36afq,politics,What did he hope to accomplish?  Did he seriously think he could move the needle with trump using science and logic?  Did he just find out about trump before the meeting?,2.0,1559750259.0,t3_bx0d1r
h19s751,nottheonion,"You think Gohmert is playing 4-D chess?

And what constitutes winning and losing in this context to you?",1.0,1623327731.0,t1_h19s1n9
cgu45jx,politics,"So because some model/guy/article was wrong, that means all of them are?

This isn't just computer models, this is GEOLOGY.  We can tell how hot the earth was when it had even LESS CO2 than now, and it wasn't pretty.  It's always the same: CO2 up, heat up. CO2 down, heat down.

http://climate.nasa.gov/key_indicators",2.0,1397673582.0,t1_cgu3tb2
eunub0c,collapse,"Doesn't matter.

Doesn't matter if it's 26% or 96% or if trump was never born. 

Makes no difference AT ALL & if you think it does than you understand nothing about how & why the human species got in the pickle they are in & why they will never intentionally stop.

Trump's a fuck head, but the warped & disproportional amount of blame (every human predicament ever) that team left continues to vomit up is infantile denial.",46.0,1563933614.0,t3_ch113e
da3zldn,worldnews,"This. Prediction of common pattern for next four years:

""WTF? Google, did Trump really say that?""

The hours of productivity lost on this activity could measurably affect GDP of the USA.

",2.0,1479372547.0,t1_da392ow
fjc35mr,science,See literally any of my other responses to the five other people who have said the exact same thing.,3.0,1583207418.0,t1_fjc0s5s
eb37oc5,europe,read my original post and you will understand my point. Coal is not going anywhere. You people live in a fantasy thinking your reddit and social media posts actually have an impact on energy policy LOL. Face reality is my point; and i just proved it. Thank you.,1.0,1543953586.0,t1_eb3708m
dhknh3b,politics,"Plus, the Arab Spring did not changed Islam. If Catholics wanted the Spring movement, they would have to rebel the Pope first. But is it worth rebelling the Pope? Only for Ultra-Traditionalist far-right Catholics, and that's what they are trying to do.",1.0,1494826329.0,t1_dhjv8fp
ek48yrx,politics,"Waiting for right-leaning champions of small government and private action to praise this move.

...anyone?",9.0,1554400890.0,t3_b9g1y1
hgdcqpa,Columbus,Never said I did? Suggested he put his money where his mouth is and move if he's so unhappy here. People and businesses are unhappy in CA and NY so they leave. They're not begging conservatives move there to lower their taxes.,0.0,1634055840.0,t1_hgdb75e
d75y09x,news,"> Congress does listen to the electorate.

I'd need some hard evidence to back this up, because as it stands, [the evidence I've been presented with indicates the exact opposite.](http://journals.cambridge.org/download.php?file=%2FPPS%2FPPS12_03%2FS1537592714001595a.pdf&code=eddff94ce3c6e919892e95a86818a91c) We got the ACA instead of Universal Healthcare precisely because business interests (insurers) determined that's what we were going to get.

Have you ever been an activist? If not, then you can't really speak to the experience can you? You couldn't really know how terrifying it is to trespass, knowing that you could/will be jailed for your actions. The hard path is the one they chose. The *easy* path is to do nothing, like most people, or to take the bare minimum of action, like signing one of the hundreds of petitions that no one has ever heard of or cares about because they do fuck all to change anything or even draw attention to the problem. You could take to the internet to complain in comment sections, like I do (which does nothing either). Or, you could even delude yourself into thinking your vote counts if that helps you sleep at night, but even then, you're voting between a guy who denies climate change exists and a woman who believes *the market* can fix it. Yes, the same *market* that got it to this unsustainable point is supposedly going to magically fix the problem that they created while relentlessly pursuing profit.",3.0,1472765361.0,t1_d75xhj7
edhxpnj,Futurology,"Are these contained in the report but not in the summaries, or were they submitted separately? I’m curious because I think reading this could dramatically refine my position on the issue but if I took any of it for granted I’d be a fool.",0.0,1546889278.0,t1_edhtmjj
eaeh7dc,newzealand,Ever wonder why everyone treats you like an idiot?,1.0,1543109974.0,t1_eae3dis
g8n68qc,Christianity,Should Christian leaders speak only to Christians?,2.0,1602547140.0,t1_g8mum81
i614ql0,technews,"I don't think they addressed it in any way, they only reinforced it",1.0,1650825077.0,t1_i60g41e
ecggq6u,worldnews,What a brilliant and original idea! STOP THE PRESSES,1.0,1545660723.0,t1_ecg7qhf
e9tdxrs,news,That is a war I would support ,1.0,1542378482.0,t1_e9t1xs7
hu2iyye,collapse,"Cannabis grows pretty much anywhere, is very easily processed and has multiple uses, so I'll bet that it sticks around, post collapse.

Mushrooms will probably be more common.

Opium is pretty simple to make out of poppies.

LSD is not too complex.

Cocaine will probably disappear, as coca is from a specific, far away area.

And the rest are mostly derived from pharmaceuticals, so need high-level civilization.",32.0,1643058412.0,t3_sbvf73
dpfc939,worldnews,Actually what you can't get past is your own cognitive dissonance.,2.0,1509979423.0,t1_dpf9swi
dstz6pv,environment,">mr russian trollbotthatcansuckmylefttesticle

What?!",2.0,1516220039.0,t1_dstz3uo
igmctbt,singularity,Better than being barbecued alive.,3.0,1658134290.0,t1_igm6sjl
dcxnrpz,worldnews,"We're talking about the EPA here - 'classifying information' will be censorship just under a ""more patriotic"" name. 

So tell me exactly what in the EPA should be classified? ",6.0,1485444102.0,t1_dcxn1z4
f90l741,onguardforthee,"I was thinking, ""Bernie Saunders and Climate Change Deniers? That's an unlikely match.""",1.0,1574973854.0,t3_e2rnfu
d409dkj,worldnews,"Well all your points were stereotypical, trying to appeal to both non indian and indian folks for karma",9.0,1465348572.0,t1_d408oir
c9r43o7,science,"If A=B and B=C then A=C.  Simple logic.

The Bible teaches that love is the greatest commandment and if we are doing this then all the others will follow.  It is not possible to be a Christian and not love.  You may call yourself Christian just as C may say I'm not an A but just because someone says something doesn't make it true.  What it means to be a Christian is not up for debate.  It never has been and it never will be.   We may have a lot of in fighting over different parts of theology but that doesn't mean we change the fundamental tenant of our religion.",6.0,1367517221.0,t1_c9r3uhg
h8cd8py,neoliberal,im some circunstances is better for the environment to have stuff grown in places where it is more productive and ship it across the planet than it is yo grow it lpcally everywhere,4.0,1628549408.0,t1_h8anuwq
da425aq,worldnews,That's exactly what they would say if it were a hoax. WAKE UP SHEEPL /s,1.0,1479381439.0,t3_5daiyb
dm606oa,worldnews,Depends. The utility could charge a grid-access fee.,1.0,1503781186.0,t1_dm5qq8l
e0394hq,worldnews,"Climate change is a slow moving train.  Long before people are starving the economic and social landscape of our world would have changed drastically.  Those ""prepper"" people aren't hoarding for climate change, they're preparing for ridiculous events like zombies, or more plausible ones such as an asteroid or nuclear attack\-\-some acute disruption to the social order that drives people to turn on one another. ",3.0,1528118084.0,t1_e03488z
df4201z,worldnews,"Yes. Like I said, they were born into it. There's no point in hating them, they're here, we have to deal with each other. Might as well play nice.

",2.0,1489884034.0,t1_df41oon
idba11i,environment,"Yep, the sooner the world falls apart the sooner Jesus’ll come along and vaccuum them up to heaven and leave the rest of us heathens to deal with their mess.

Never mind that bit of theological nuttery only cropped up in the last two hundred years; they know so little about their own religion they think it’s always been a thing in their belief system. They’re still willing to gamble the planet on the idea of it being right.",15.0,1655910705.0,t1_idaz6br
eq2lv19,worldnews,That’s funny that this is now all Trumps fault.,-6.0,1559739757.0,t1_eq2ho3x
c8ekdbd,politics,">For you to say that kidquantum is a skeptic is unfair and misinformed. In fact, he didn't say that global warming wasn't real, just that the example was poor and has been legitimately debunked.

He probably based this comment on KidQuantum's posting history in /r/climateskeptics. It's quite clear he's a climate science denier.",0.0,1360777633.0,t1_c8dvuh2
eshxorx,oregon,"Newspeak: ""ambiguous euphemistic language used chiefly in political propaganda."" If you're going to be condescending, at least know what you're talking about.

Governments use newspeak all the time to de-emphasize the violence inherent in the enforcement of their policies. For example, CBP doesn't ""kidnap people and lock them in cages without proper food and sanitation"". It merely ""requires additional funding to ensure the continued health and welfare of it's illegal alien detainees"".",2.0,1562002965.0,t1_eshvaes
exi4cig,Quebec,"En effet.

Ça prend quoi comme permis pour chasser le cochon volant?",3.0,1566320812.0,t1_exi3i98
hhca4wp,worldnews,"Hmm, when you put it that way.. Climates gonna change with or without us, we just gave it a hand. 
Just gotta dig a big hole for the extra sea to go in.",1.0,1634720569.0,t1_hhc98c4
g6kv56q,environment,"*The methane and N20 feedback loops will just fix themselves, they'll disappear, it' will be like a miracle!*",3.0,1601072463.0,t3_izixge
d8ki9e1,Futurology,"Forget being vegan to save the planet, eat orphans!",16.0,1476026692.0,t1_d8kgkh4
e11e7gz,ukpolitics,"Environmental accountancy is the most appalling waste of our efforts and time, a sop to let people think they can get away without changing a high consumption jet set life.",2.0,1529569409.0,t1_e0zj17s
ea0cvae,EarthStrike,"If the world continues to be run by business interests, they will boil the oceans before sacrificing profits for the good of everyone. ",8.0,1542593252.0,t1_ea0c4m6
dcae0j2,Futurology,"With all due respect to the founding fathers, they created a hell of a document and all, but it seems like a *massive* oversight to allow for the possibility that party politics could be the sole determinant of impeachment in the case of treason. There isn't like a backdoor well-if-Congress-is-too-stuck-up-its-own-ass-than-SCOTUS-can-do-it law?",3.0,1484148012.0,t1_dcachw3
d5tebtw,environment,"How do you know that the value of the $45 million raised will be greater than reducing his own carbon footprint? There is no way to know that the $45 million will equate to a bigger impact on climate change than his own sacrifices, like maybe not flying a helicopter from that very same fundraiser to a private jet to then take him to his home. Or maybe not flying halfway around the world to party it up on New Years twice in the same day. 

This is all still irrelevant, since he could easily choose to do both. The fact that he might be ""picking"" the more impactful of the two doesn't make it any less hypocritical. ",1.0,1469648159.0,t1_d5te3eo
cxxdu03,news,"Not sure about that one, democrats today wouldn't support mandatory minimums and lowering taxes to 28% aka what Reagan did. ",2.0,1450002176.0,t1_cxxds2d
g5bm0sw,cringe,"Unlike humility , clearly",2.0,1600141492.0,t1_g5azz54
f6i35u3,environment,According to this man climate change is just an engineering problem.,3.0,1572871070.0,t3_dre04w
dcaa0mw,Futurology,yes the mysterious documents,1.0,1484142178.0,t1_dca71hz
c7wa78e,politics,">And honestly, at this point it's too late to try to halt climate change; it just isn't practical. 

Uhhh, bullshit.  These are cumulative effects that get *worse* the *longer* we wait.  This is exactly what the conservative viewpoint is going to shift to once climate change becomes undeniable-- Ooops, oh well, now we can't do anything anyway!  Anything to maintain the lucrative status quo for their constituents.

We can absolutely mitigate future effects by acting now.  Obviously we need to do this in tandem with dealing with the effects that are already baked in-- but the idea that it's too late to prevent a worse future is simply wrong.",15.0,1358109207.0,t1_c7w7p1s
i5wkunz,environment,"Question all you want, Twitter is just refusing to take your money to use their platform to spread Big Brother's bullshit.",1.0,1650737554.0,t1_i5wk671
gv2pdq1,brexit,"A cunt calling another cunt ""a cunt"". What a time to be alive.",5.0,1618835994.0,t1_guzd9ml
c9rptjt,science,"I'd have to disagree on the deity of Christ (you know, kind of the big point of Christianity), but yes we can certainly agree that Christians of all shapes and sizes commonly get stuff wrong in their own faith.

I did the same thing with mine. Lawn Gnome? Sounds silly to me, why not reddit username.",2.0,1367596500.0,t1_c9rphav
da3yp12,worldnews,It already is. You can buy the battery and it will be delivered within 18 months. Once the gigafactory is complete the wait time will be weeks to no wait at all. We're not talking twenty years. We're talking like 5. The batteries are already making peak/off peak electrical pricing a profit center making the battery an investment.,1.0,1479369737.0,t1_da3y8jl
eq2ckaa,worldnews,"He was. Now he probably has dementia, too. 

So he's definitely an idiot a lot of the time. But he still remembers enough from his active career to be able to manipulate some people.",2.0,1559733929.0,t1_eq23tog
dmvce78,politics,"I never called the pope a pedophile.  I was verbalizing the idea that the VAST MAJORITY of redditors who hate religion in general would happily reference the pope (or any Catholic) as a boy loving pedophile, but when he talks shit about Trump, they seem to find a way to justify a rally around this benevolent messenger of God.  Like you did.  I'm glad that my comment was seen as offensive, it was meant to be.  Introspection is sometimes a little bit uncomfortable.  For example, if Christians started blowing shit up, they may be viewed as a tolerant religion, full of peaceful people who are simply misunderstood.  Or if Conservatives began to riot, burn cities to the ground, and beat the absolute fuck out of people who don't share their values, then they may gain a sympathy, as innocent and oppressed people who only want to work hard and be successful based on their own merrits.  ",-2.0,1505160085.0,t1_dmvbcbu
fwhehzw,Futurology,"I was genuinely asking a question, but I suppose there is nothing more Reddit than misreading a comment.",6.0,1593530680.0,t1_fwhbz3q
fbi16fh,Futurology,Why did the income inequality not change in France which has had bigger government involvement?,1.0,1576887840.0,t1_fbi0yrn
igmtuji,technews,"Also, 3 mile island caused zero harm. 

Fukushima caused no deaths and even then we learned why it happened and changed designs to make sure it will not happen. (The earthquake/Tsunami combo was the most extreme case we could literally imagine so it's not like it can be worse)

Chernobyl was a shitty design run by incompetent people who were reckless.",7.0,1658146785.0,t1_igmbzv1
ih559h6,worldnews,That stupid haircut boggles my mind,0.0,1658459996.0,t3_w4puz4
f1eo1zn,worldnews,"How about local democratic control by the people who live on, around, and extract those resources.",1.0,1569426568.0,t1_f1dpvhw
fegpuc4,worldnews,"Not just CO2. Green House gases (GHGs) and particulate matter. 

If you say that’s a lie you’re disagreeing with pretty much all scientists on this. https://climate.nasa.gov/scientific-consensus

Are you saying they are all lying?",10.0,1579099693.0,t1_fegot8q
e6wxebo,politics,"Even if our actions have little effect in relation to the macrocosm of the universe, it's important for individuals on this world to care about their behavior and ensure their negligence doesn't lead to unforeseen consequences. We're not all perfect or strong, but we can make the small effort to not feed into the machine that is polluting our environment.",38.0,1538324265.0,t1_e6ww3qp
dtd0vd9,worldnews,Didn't he run for the Dems in the late 90s/early 2000s?,2.0,1517140568.0,t1_dtcr8hf
i3oti7h,technology,"When your ""free thought"" is Russian propaganda and hurting literally the entire planet... I'm okay with it being banned from Pinterest.

Take the megaphone away from idiots please.",1.0,1649284562.0,t1_i3n43sb
hr48ng9,Libertarian,Because I can do more with that money to reduce my own carbon footprint than some non-profit that will spend it on advertising and executive salaries,1.0,1641241221.0,t1_hr3tga6
di0hufz,worldnews,"What if he gave you a bible?
",3.0,1495688095.0,t1_di0ftvr
cipkena,science,"If we're serious about climate change, we'll deal with the issues of nuclear, and start converting to that, especially next generation type reactors. ",10.0,1404615409.0,t3_29wloo
e51rbvj,climatechange,Yes. He will be number 1 on the list of defendants for the climate change crimes against humanity trials.  Should we wager on what year they will occur in?,2.0,1535565748.0,t1_e51mf3n
fqxnke6,politics,"I absolutely support voting out republicans, but it's dumb when people think the entire strategy of the Dems and Biden's campaign should be ""Trump bad"" we need bold leadership. If Biden is going to make change when he's president, I want him to make that clear in his campaign, even if it doesn't go as far as Bernie. I can't remember the last time he talked about a policy position.",28.0,1589735057.0,t1_fqxmyjf
geo4xv2,Economics,Most celebrities don’t mind telling other people what they should do without actually doing it themselves,1.0,1607142239.0,t1_gbcljzq
gcmufcu,news,"In this instance is “defending” it a euphemism for explaining it to people who don’t know wtf they’re talking about?

Just because one understands how it works doesn’t mean they necessarily agree with how it works.",8.0,1605637271.0,t1_gcmr4g1
dab13u5,Futurology,"couldn't do that back then.  Neither the north nor the south had the diversity in goods to sustain themselves.  So in short, trade would have been difficult and destructive.

Also, a minor point, but southern states did secede and they were allowed to do so.  SC, GA, FLA, AL, MS, TX, LA.  With the secession, the confederates seized many federal properties and were allowed to do so.  However, there were union forts on confederate land.  The union wanted to occupy in their forts, the south saw this as an occupation by a foreign entity.  At Fort Sumter, the south tried to starve the union out by cutting off supplies, eventually the south fired upon unarmed merchant ships in Jan 1861.  The re-supply of Fort Sumter was an immediate priority for Lincoln in March 1861.  He told the Governor or SC that he was sending supply ships.  The confederate response: Evacuate Fort Sumter Immediately.  Major Anderson refused.  On April 12, the south fired cannons upon the fort.  After 34 hours. Anderson agreed to leave.  Following the battle, there was widespread support from both North and South for further military action. Lincoln's immediate call for 75,000 volunteers to suppress the rebellion resulted in an additional four southern states also declaring their secession and joining the Confederacy.  VA, ARK, NC, TN. The Civil War had begun.

Probably would have been war without the situation at Fort Sumter, but this situation shows that southern states were allowed to secede and that it was not secession that caused the war.  It was the Union occupying Union property in the South.  The position on this is understandable on both sides.  ",2.0,1479827937.0,t1_daax3xe
e17dxaj,australia,"Hmm, that’s interesting. I can’t say that I’m convinced (however a small increment somewhere doubling elsewhere sounds possible) but thanks for confirming the amount.

I can also see the “leverage” of an eroding beach being magnified.

If you’ve got a link to something reasonably straightforward then I’d like to read it otherwise I’ll internalise it because what you say sounds like it could be plausible. ",1.0,1529836460.0,t1_e17cxts
emk0sz6,news,"Not that he can do anything about it, but Bill Gates should probably be opposed to this.",1.0,1557059304.0,t3_bkhh33
gka0ijw,onguardforthee,I'm surprised that alone didnt spark a fight. No protest no outrage it seems . Could be wrong,1.0,1611367321.0,t1_gjcw3y1
f0vwvvc,news,"Taking the scientific consensus on climate change seriously is apolitical. 

Also, ""right-wing political messages"" is too broad of a category to make a judgement call on. That encompasses everything from advocating for tax cuts to supporting white nationalism or recruiting for ISIS.",1.0,1568993740.0,t1_f0v8cgz
ch56q29,environment,"Again, I'm not necessarily disagreeing with you, and I don't really want to debate this. Sure, 'tired of playing' was hyperbole (to an extent) but the rest of the point stands, currently young voters are irrelevant. You're saying what young voters *can* do not *why they should*.

I would point out that in some areas this is starting to occur- look at the recent legalization of weed in some states, or the occupy movement. Some states legalized weed where there wasn't huge opposition from the older block, but they completely shut down all of the occupy movement's goals because those goals directly hurt the baby boomers financial interests.

If you think young people are just lazy, that's fine.

If you think participation rates are the whole story, that's fine.

I can't change your mind, all I can say is try to look at the bigger picture. There may be other factors in the equation.",1.0,1398792479.0,t1_ch5691i
g7jxh5k,politics,"THIS election is about saving the county from authoritarians, but the change is already happening on the lower levels. Someone like AOC is proof. If we vote for more AOCs and less ""rich old white guys"" then the change will happen naturally. 

Unfortunately, the house is on fire and we need to put it out before we start talking about new carpets. Biden is the rich old white firefighter that will save the house. Trump will let it burn because his rich old corporatist pals will get the vacant land cheaper.",7.0,1601757427.0,t1_g7juun0
cfhalyu,politics,"You're right in principle, but considering how frequently climate change is mischaracterized, mocked, and portrayed falsely as more controversial in the scientific community than it really is, you can't really blame people for knee-jerk reactions on the presumption that the inquiry is motivated by something other than methodological stringency.",2.0,1392617718.0,t1_cfhaib5
e7q7vcl,Futurology,"Yeah, my post was a bit unfair. Lots of great people in Alberta. I think I am just a little frustrated about this pipeline thing.",3.0,1539485074.0,t1_e7q7bwh
efn1oyj,politics,"and or maybe a [White Castle vs Krystal, The War of Tiny Hamburgers Between the North and the South](https://laughingsquid.com/white-castle-vs-krystal-tiny-hamburgers/) from 2008 but still.

Let the food of the people decide where the wall will go 🍻

After that we can start talking about [pop vs soda vs coke](http://popvssoda.com/)

",3.0,1549169864.0,t1_efmx4xr
e5l77ed,worldnews,"> If you refuse them in public forums, they form their own forums. Places where they become echo-chambers with no opposing opinions at all.

They do that regardless. By not debating them you are making sure those forums stay low in terms of population. Giving them air time will only draw more people to those forums.",2.0,1536368509.0,t1_e5kxj1p
c9im8im,environment,"You've got to love people who propose the RobinHood tax, because its so obvious they don't know anything whatsoever about finance.

First, this tax has no chance at all of ever being passed.

If it were, the entire financial sector would simply move to somewhere that didn't have a Robinhood Tax.  

All the tax revenue from capital gains taxes would vanish.  Instead of more tax revenue, you'd have far far less.

The rich would still be rich, they'd just ""officially"" live somewhere else, as would their portfolios.

The only people who would be affected by this tax are middle class people who have their pensions in the stock market.  They'd be wiped out overnight.",-1.0,1366399310.0,t3_1cka9j
i8qpiw6,sports,"I’m sure the shit box Aston Martin has nothing to do with it…,",0.0,1652649174.0,t3_uqaoq1
c11xixs,Libertarian,"As long as you're willing to ignore that the science is real

""The science behind a climate change headline""
http://greenfyre.wordpress.com/2009/11/10/the-science-behind-a-climate-change-headline/


and that climate change will cause massive famine

“Denial was a River in Africa”
http://www.youtube.com/watch?v=5NJEouqefis
An introduction to global warming impacts: Hell and High Water
http://climateprogress.org/2009/03/22/an-introduction-to-global-warming-impacts-hell-and-high-water/
Billions could go hungry from global warming by 2100 
http://www.newscientist.com/article/dn16384-billions-could-go-hungry-from-global-warming-by-2100.html?DCMP=OTC-rss&nsref=online-news

that still leaves this headline as a total misrepresentation of the actual story",1.0,1286743298.0,t3_dpe77
es530pq,Futurology,">Do you need to be so hostile? This is literally economics 101, I learned this shit in high school.

If this is your basis for an argument I can already assume you are wrong. Nothing to do with international economics is 101 or something you learned in HS.

>Here's one example from a quick Google search, I'm sure there are hundreds of explanations out there since this is a very basic economic concept: https://saylordotorg.github.io/text_introduction-to-economic-analysis/s06-01-effects-of-taxes.html

>Tldr: a tax on a commodity is shared between supplier and consumer, the supply and demand curve shifts, the consumer pays more for the good than they did before the tax and the producer receives less for the good than they did before the tax.

LOL, Mandella effect in action right here people. ""It is so simple I learned it in HS, I then googled a basic example"". It's so easy!",-6.0,1561600455.0,t1_es511sh
h756vm0,politics,"To the anti-everything politicians, what the hell are our tax dollars supposed to go towards in their mind? If I’m paying so much in taxes, what the F do they want to do with it, if they just oppose everything? 

Roads? No. 
Healthcare? No. 
Childcare? No. 
Education? No. 

So… what, then?",1.0,1627687880.0,t3_oupb1h
d9vtytk,Futurology,"They are the most tastiest and most succulent people, and they're exclusively available at the Sharper Image.",2.0,1478873674.0,t1_d9vhask
gbyv2y2,science,Trump is going to throw a tantrum and cause as much damage as he can to the country and world before he's forced out.,12.0,1605125258.0,t3_jsdq9j
esym93z,worldnews,Stfu about it n Do It,1.0,1562345542.0,t3_c9chxb
cfiqpak,politics,"Nah.  More like polar vortex is concrete irrefutable evidence climate change is wrong. 

Edit: goddammit reddit. Do I need to put a /s after all my comments? ",-6.0,1392766660.0,t1_cfip2p6
c9r6cym,science,"Well, if someone desires not to be called a moron, the first course of action would be not to act like one.",3.0,1367523338.0,t1_c9r2t57
czd4f5e,shittyaskscience,"It's not about making the problem go away, it's about having the power to make it go away. Or bring it back, if they need to sway some voters or something.",12.0,1453848059.0,t1_czd3zoh
grmhbgw,canada,"I'm very, very close to that point. Though I wouldn't even consider myself a long time conservative; more a long time nose-holding con voter.",1.0,1616271056.0,t1_grlhydk
cswu13a,worldnews,"Bulllllllllllllllllllllshiiit

http://climate.nasa.gov/scientific-consensus/

http://iopscience.iop.org/1748-9326/8/2/024024/article",3.0,1436400665.0,t1_cswtqcz
i3sj1yz,technology,"Funny how they change their tune, went from “crazy conspiracy” to hypothesis.

https://www.google.com/amp/s/www.vox.com/platform/amp/2020/3/4/21156607/how-did-the-coronavirus-get-started-china-wuhan-lab


https://www.vox.com/22453571/lab-leak-covid-19-coronavirus-hypothesis-wuhan-virology-china?_gl=1*5x7jt1*",1.0,1649355074.0,t1_i3sh858
ddbj6vw,conspiracy,"You're making my point. 

Fukushima was 40 years old. ",1.0,1486214658.0,t1_ddb84l8
hqnry45,collapse,We're see an uptick in the roving bandits industry.,7.0,1640938843.0,t1_hqnhec5
emuigtm,Music,No the climate change will run away from all the awareness it creates.,1.0,1557336219.0,t1_emsj2hf
fr25yd4,climatechange,"On the positive side, my bees will be **very** happy about that....",5.0,1589831718.0,t3_gm54lr
c8fh649,environment,This is only the money that can be traced. You people think bribery doesn't exist?,3.0,1360896616.0,t1_c8fcoyd
dfqaksp,worldnews,"Energy production from coal is not inefficient nor obsolete, and it is at least for now, necessary. So your analogy sucks. ",-5.0,1491146838.0,t1_dfq57t9
erwiyq4,politics,"GOP argues that the bill will make it cheaper to outsource to other states. They'll cut trees here still but process them out of state. Or something along those lines because of the tax increase on emissions. That's just what I heard on the local news. Obviously there's a reason for opposition, don't act like one party is always wrong or right.",1.0,1561345035.0,t1_erwbice
dcow2vk,politics,And the good ones stuck it to no one in particular.,3.0,1484951000.0,t1_dcotm85
gjzqe9k,politics,Hey get a better job and you’ll have lots of free time ;),8.0,1611179420.0,t1_gjzn98j
cuneboh,worldnews,not quite since first world countries offer financial incentives to have children and downright demand population growth to sustain a debt based economy.  it's unpatriotic to not have children because you're choosing to lower the nation's taxable income.,1.0,1441139107.0,t1_cun17b4
e053frd,worldnews,"I don't care about the environment. Until I get fired from my job because of it I won't do anything to lower my ""carbon emission"" or whatever the fuck they're calling it now.

I'll enjoy my steaks and diesel trucks while you guys can starve eating leaves and riding bycicles HA",0.0,1528191119.0,t1_e03rpi1
dvgy1er,Futurology,I figured that was a given.,2.0,1520659709.0,t1_dvgwiqg
dibetbs,worldnews,I mean them and India are going to be responsible for 60% of co2 by the next decade so maybe they should be leading on this.,22.0,1496325067.0,t1_dib6h3b
f2a6ggu,climate,"My state is hitting record highs in October, it’s obvious.",35.0,1570109223.0,t3_dcqryx
hdbyyi2,soccer,"Hey mods, could we maybe get a flair or a dedicated weekly thread for all news that's barely football relevant. Im talking about footballers talking politics, footballers whose relatives has died, footballers who has been caught drunk driving/raping/tax evading, footballers wifes getting into drama, footballers kids doing stuff etc etc etc. 

It takes up more and more of the sub and has basically nothing to do with the game.",-2.0,1631973532.0,t3_pqmnss
fy5xupt,politics,"Biden was chosen by THE PEOPLE. It's nice to think our internet progressivism is this monstrous freight train of a movement, but the numbers do not lie. Bernie's support was ultimately a blip compared to the hundred million moderates who wanted Biden.

Fortunately though, it's easy to see you're not who you're pretending to be. Demonizing ""The DNC"" is a huge tell.",3.0,1594834482.0,t1_fy5kmlt
eb3e0ey,EverythingScience,Not dictorial. But wanting control over resources?  Absolutely. ,1.0,1543958312.0,t1_eb3dgcb
db5qj3q,technology,This is why there will always be governments regulating companies. Because there's a shit tonne more metrics than profit and customer count.,1.0,1481665700.0,t1_db3jkmv
egej0yg,worldnews,"Considering that I am an arctic winter guy who doesn't really like tropical temperatures, I am kinda okay with that. Would prefer if people didn't fuck up, but I know this species, it is never about not fucking up, just pick the fuck up you dislike the least and roll with it.",1.0,1550086250.0,t1_ege0ln7
cpam43h,worldnews,">I consume, but I also give back.

Yeah, *Co2*.",5.0,1426017881.0,t1_cpaltfx
chk12ko,politics,"We really only have one chance to save all of humanity and I have the technological solution to save us. But I will need funding... somewhere in the tune of one trillion dollars. But, you'll be grateful a few years down the road when Miami is not underwater. When it's still there... you can rest assured knowing that it was my innovative solution that prevented catastrophe from happening.

You can't put a price on the lives of millions of people, can you? Fund my technology, now.. today! There is no time to lose.",0.0,1400293452.0,t3_25pdgl
cv26xtx,news,"It never ceases to amaze me how Redditors refuse to think, and in this case, even refuse to read, and just initiate knee-jerk leftist / progressivist reactions. God help future generations.",1.0,1442313222.0,t1_cv1852f
e9k2tfn,Futurology,"Well, you are fully wrong. The sea level rise (which you cited from NASA) does indeed show linear sea level rise SINCE THE FUCKING INDUSTRIAL REVOLUTION! ",1.0,1542036945.0,t1_e9jx95w
d43cgm1,worldnews,"As a geologist, he's not wrong. 
If you are pumping massive quantities into the rock you are changing the stress regime in the ground. You may open up fractures or reactivate small, dormant faults. I think he was implying that there are many unforeseen consequences of doing this, it could be that it works well for one region but not for others. ",25.0,1465539439.0,t1_d435r46
earm803,environment,"There are a lot of sources that contradict this. 

Also, there is a good chance that self driving cars could speed up the transition to electric transportation. Imagine paying $.40/mile for an electric uber. Having your own car would become pointless.",6.0,1543552268.0,t1_earhqyr
fv95oht,climateskeptics,What makes you think that these modern weather events aren’t extreme or unprecedented?,1.0,1592502649.0,t1_fv2cq4p
dkxpphh,worldnews,"Of course the natural process which has been unperturbed for hundreds of thousands of years has reached a steady state where the sources and sinks balance out - like all unperturbed systems eventually do.  But what is extremely important in determining global warming is the perturbation caused by humans and how large is that additional CO2 relative to the natural amount.  Currently it is about 4%.  It is important to know that number and to understand how that additional CO2 is going to be reabsorbed by the ocean and  biosphere. If it was only 1% the concern of global warming would be a lot less.  

But you are implying that the only thing that matters is how much CO2 humans produce and that natural production is irrelevant to global warming.  That of course is nonsense.

Your analogy of a sink is not valid since the quantity the sink can absorb is a function of many things including temperature and CO2 concentration.",2.0,1501444407.0,t1_dkww4z0
fwh68au,Futurology,"Do your texts and letters get viewed by thousands of people? Then yeah, someone should be pointing out when you're full of shit.",-7.0,1593526467.0,t1_fwh36ja
e7lfibj,socialism,"No I'm pretty sure they mean all bourgeois politicians and rich capitalists. The Democratic party is better than the GOP but only marginally. Both are imperialist, oppessive and corrrupt. They represent the ruling class and no one else",2.0,1539288636.0,t1_e7ixx6l
fwiu61t,Republican,Yeah sure just gimme a hot second I’m currently eating right now lol,1.0,1593555189.0,t1_fwitr7v
gg3qumm,news,"My sister wont let her 16y/o daughter wear a mask when out, I've seen everyone in the family except that niece regurgitate trumps talking points repeatedly. (the older niece is like a dumber version of all coulter)

They all have covid now. The icing on this cake? they literally blame the younger  niece for not being aware enough when they *forced* her to go to the evil communist indoctrination center (public school) She had the option of attending virtually. But its totally her fault!

I have no doubt they were spreading it until they realized the lost taste/smell.

Its a no win. if they come out of this fine, it will reinforce what they believe. Everyone is talking about how they don't trust the vaccine.

That's just the tip of this spectacular iceberg. She feels people are taking advantage of the situation to get sick time, since thats her assumption she obviously feels slightly uncomfortable knowing now people are making that assumption about her.

Her husband is almost 65 and shes rolling her eyes making man flu jokes.",2.0,1608174925.0,t1_gg38rqc
chdjvb1,politics,It doesn't cost anything to use less. :) The problem is that people are greedy and aren't willing to earn less as a result. Overproduction is a huge problem.,1.0,1399636041.0,t1_chdfigj
egxtlwv,europe,"Europe as a whole seems to be pretty united on the idea climate change, and that has to be great for the world. If only my own country could emulate what you guys have going on and stop denying climate change maybe my kids will have a decent world to live in ",1.0,1550732407.0,t3_at01dw
erj7lcs,vancouver,They said on the news it could take up to ten years to build. It’s absolute madness.,3.0,1560918251.0,t1_erino2x
emf2dfz,worldnews,"Re'Obviously construction and materials have their own emission considerations but that's true for solar too.' solar panels take ~ 2-8 years.
""his first paper aggregates and reviews thirteen previously published papers and finds one methodology the most accurate that puts the “energy pay back” of a panel at 2-3 years for one projection, and 6-8 years in a worst case scenario. The biggest draw back to the referenced studies is that they were all performed in the late 90s and early 2000s; before the PV industry saw its great revival.

http://www.energybulletin.net/node/17219""

Plus the silica panels are recyclable unlike a nuclear plant.

Go green. go solar.",1.0,1556898625.0,t1_emcqbd0
e2q8pdi,law,"To the extent there was fraud, it was obviously immaterial: we've known about global warming for decades, yet consumption of fossil fuels has increased. 

To be justiciable, you'd have to show that the fraud was material, and that the fraud caused harm to the defendant. Given the diffuse harms, the broad and global base of consumers and producers, this simply is not an area that courts are meant to address.

As every single court that has looked at this has held. ",-2.0,1532100196.0,t1_e2q84hx
djw992y,politics,"We already have the vote majority, we're just not putting it to use. trump never should have had a chance, but a perfect storm of voter suppression, Bernie or busters, and people who didn't bother getting to the polls cost us dearly.",4.0,1499420906.0,t1_djw94jv
d3t1rlz,worldnews,"Is it any different than when a loser rich kid manbaby like Trump voices opinions (the best ones of course, plated in gold) premised upon fuck all?",5.0,1464874231.0,t1_d3swkfd
dduv6i6,worldnews,"Uh, Congress has approved most of his appointments. And he is working with loads of business leaders.",1.0,1487323029.0,t1_ddtpp4a
cla417q,environment,"Hi, pnewell. Your submission has been removed for the following reason(s):


* This story has been submitted more than 3 times from different sources.  We think we need to have room for other news.  Sorry.



Thanks!",1.0,1413381887.0,t3_2jbelg
ihacqs7,science,"I graphed out the scientific consensus for sea level and average temperature over the last 2.5 million years. There are about 20 spikes in temperature and sea level higher than today. Each spike is relatively brief, and then the temp and sea level dips down well below what it is today. The cycles vary between about 80 and 120 thousand years. The last peak was about 120 thousand years ago.

I fully accept that humans are messing with the environment in very dangerous and unsustainable ways. This should be stopped.

I have seen that the climate is constantly changing whether humans are here or not.

I have seen that over the past 2.5 million years the climate has never been stable, and so there is no reason to believe it will be stable in the future.

I see no way that human behavior could stabilize the climate.

In short: 
We need to protect and nurture our environment.
We will never stabilize the climate.
We should be ready to adapt to the climate as it changes, because it will.",1.0,1658552696.0,t3_w5kiho
hnn01xc,Futurology,Will do!  I love a good TED talk.  Thanks for the recommendation!,1.0,1638911138.0,t1_hnmv8tk
h4dyzsv,Futurology,So then… what to do about those pesky sea urchins decimating the kelp forests of the pacific coast?,24.0,1625685712.0,t3_oflbx4
dg4rxf3,worldnews,This sub is a waste of time. It is polluted.,11.0,1491938806.0,t1_dg4lo4c
ih6ickd,worldnews,Yes because liberals did so much to prevent this.,0.0,1658492687.0,t3_w4puz4
f2vsgut,CanadaPolitics,"How much of this is the fault of the media for its stupid infatuation with horserace politics?

""Such-n-such poll says so-and-so gained six points""

""But was their response good enough for voters?""

""My analysis is we need to bear down on people's immediate needs""

This is farkakte. The media has a role in educating people. Schools have a role in educating citizens, and parties should have a role competing constructively for votes.

None of our system is working the way it needs to prepare democracies to address the long-term systemic issues barreling down on us.",90.0,1570456824.0,t3_degvzy
grj793g,news,Here's an idea. Lobby the fucking government. We've all seen these fuckers selling out the country for like 40k in donations. Surely if you were motivated you could make a better offer?,1.0,1616193990.0,t3_m8sdkm
c7x3mme,brisbane,"Possibly. Reporters are just people after all, they are prone to making mistakes. Or its just another suggestion of how that word should be/could be used; its the sentence structure(or lack there of) that gives the most clues. :)",1.0,1358221126.0,t1_c7x3k0g
fe4sliu,Futurology,Damn thanks for dropping the truth lmao,-7.0,1578862361.0,t1_fe4r8zy
emixils,worldnews,Way to put Trump in a headline he totally didn’t need to be in.,2.0,1557013063.0,t3_bkm34j
ea8l6xi,politics,"""Since taking office, Trump has welcomed fellow climate change skeptics into top positions""

These are NOT skeptics, these are deniers. Man made climate change is a fact, not an hypothesis.",18.0,1542900112.0,t3_9zdrtv
c6vevl2,politics,"I don't feel smug. I long ago realized that 49% of people are below median intelligence. I don't feel great about it, but it is fact.",51.0,1351880109.0,t1_c6vdp3r
i5y8qhy,environment,"that's not at all what they're doing.  moreover, why say that.  it's a lie.  you know it's a lie, i know it's a lie.",3.0,1650765679.0,t1_i5y87nu
ieti7gc,nuclear,Don’t forget demonization from the fossil fuel industry,10.0,1656943542.0,t1_ietabcq
emssjzr,Music,The Cure for The Cure.,4.0,1557286251.0,t1_emsohbp
gs1lj2j,Economics,"Maybe they should ask their buddies in the Pentagon for data, [seeing as they identified climate change as a gigantic danger to security](https://www.defense.gov/Explore/News/Article/Article/612710/). That link is from 2015 so hopefully they've got more data to give.

""Well guys, you know what happens if it's so hot that land is unfit for human life during the summer? And those people start desperately trying to move, routinely to areas that don't want them? And the coasts are flooding more and more? And you know what?"" - picture this in that really annoying kid's voice from ""F is for Family""",46.0,1616591400.0,t3_mc2tey
faiqk5s,australia,"This is the strongest statement he's had yet on the link between climate change and the bushfires.

""Following weeks of growing calls for more action to address climate change, Mr Morrison conceded climate change was a contributing factor to the bushfires that have plagued the nation for months.""

“We also know that there are many contributing factors that relate to these fires. The drought is obviously one, and the dryness of the bush is the biggest factor,” he said.

“And we all know … that climate change, along with many other factors, contribute to what is occurring today.”",173.0,1576114245.0,t3_e9go9o
hmewcqe,sustainability,lol if only people were pair according to their production value,3.0,1638116051.0,t1_hmecy1c
eepf5ps,Conservative,You boiled down all arguments for how to deal with climate change to the word “socialism.” Not a very strong argument on your part. ,0.0,1548179403.0,t1_eep40vf
eeo5hyl,PoliticalHumor,"> Taking the stance that no religious person has critical reasoning, is, quite frankly, ridiculous

Why?",1.0,1548131593.0,t1_eenv15s
cbjwyny,climateskeptics,"Where are the rest of the dead bears?  Until we see some, this is an isolated incident against the backdrop of a growing, healthy polar bear population.",2.0,1376010353.0,t1_cbjwes8
d86awqp,australia,Nonsense. We just need to turn off all those ugly wind turbines. They're blowing the wind and making it too strong.,1.0,1475110232.0,t3_54z9zx
di499mq,worldnews,"Because all the other countries ain't 'Mmmmerica! And if they ain't 'MmmMMmmMmmmmericaaaa, then they ain't doin it right! 


^/s",0.0,1495906868.0,t1_di46r6o
dm9d1sl,nottheonion,"Somewhere deep in Yellowstone National Park...


""Hey Boo Boo, how about a nice delicious picnic basket instead?""",2.0,1503965908.0,t3_6wje1q
df3knsu,worldnews,You're a cute little bitch Bae.,1.0,1489859724.0,t1_deykksk
gt24v91,economy,Infrastructure is an incoherent bludgeon used to print trillions of dollars for congressional pork. Have you seen this bill? Grow up dude. The government spends 40 percent of GDP already. Figure it out.,1.0,1617301830.0,t1_gt24l61
eivae25,ukpolitics,"The issue isn't energy, the issue is the cost. In time the cost of desalination will go down. Technology only gets cheaper.",0.0,1552993103.0,t1_eiva6gw
cp8nm49,nottheonion,"Because they operate in opposite directions. Not every single aspect of something needs to be opposite to make it an opposite. Besides, the ""in/out"" distinction doesn't exist because ""keeping X in the north"" and ""keeping X out of the south"" are the same.",1.0,1425862109.0,t1_cp8n95w
h70x01t,politics,I swear it’s not hard to market and you’re wrong we fail utterly,-5.0,1627605367.0,t1_h6zm92i
hwde691,environment,"Would this food producer happen to produce, I don’t know, vegan products?",1.0,1644504291.0,t3_sp5mnp
da3dubs,worldnews,The China... Do you believe everything The China tells you?,0.0,1479335310.0,t3_5daiyb
d63perb,todayilearned,Being a pilot really doesn't make you qualified for this conversation past a certain point tho mate. ,2.0,1470302637.0,t1_d63mqqa
clvwn6a,nottheonion,Climate change is better understood than gravity,1.0,1415383657.0,t1_clvp3em
iecnytt,politics,"This is such bullshit.

>""Capping carbon dioxide emissions at a level that will force a nationwide transition away from the use of coal to generate electricity may be a sensible 'solution to the crisis of the day,'"" Roberts wrote. ""But it is not plausible that Congress gave EPA the authority to adopt on its own such a regulatory scheme in Section 111(d). A decision of such magnitude and consequence rests with Congress itself, or an agency acting pursuant to a clear delegation from that representative body.""

Arguing that the EPA can't make rulings because it will affect the nation and fossil fuel businesses is nonsensical. Would widespread use of asbestos invalidated policies against its use? Did the business interests of producers invalidate policies transitioning away from lead paint/fuel? Every policy that the EPA, CDC, etc., enforces will affect various industries across the nation. So long as they could produce strong justification and reasonable processes, it shouldn't matter.",1.0,1656614374.0,t3_vo98nu
grnn9v8,worldnews,"How much have we backtracked as society to the point of including this to policy,,",2.0,1616291100.0,t3_m9908h
feddhip,europe,"You are convenietly omitting China, India and etc.",5.0,1579008443.0,t1_fe9yzoe
diimvp6,Ohio,"Lake Erie is about 600 feet above sea level, the rising seas (thus far a few feet over a few generations) impacts the oceans, so coastal cities, and not the inland areas. Miami, New York City, New Orleans, Seattle, Hawaii will all lose homes and acres. How much does it cost to invest in cleaner options, vs cost of relocating homes that get flooded. Miami has had to build huge and expensive water pumps under the city that constantly suck water out of the water table and away from the city to reduce the flooding. Their fault for building along the coast, or everyone's responsibility to not be causing harm or injury to others? A little bit of both?

Here's an XKCD explaining the temperature of the Earth over time: https://xkcd.com/1732/",1.0,1496720744.0,t1_diifgv9
hcxt43k,unitedkingdom,People shouldn't be allowed to cross roads in case it hinders a dangerous birth from reaching a hospital in time.,-9.0,1631706093.0,t1_hcxrzhq
ejo59o8,nashville,"No, because he isn't sure what the science says despite the thousands of scientists screaming at the media that science says it's our fault. It's our fault and we have to fix it, it's already probably too late, and he's not going to go out of his way to push for legislation in favor of taking care of things. Therefore, moron. I don't give a crap what his party is, I honestly think climate change should go beyond political divides at this point. But I'm a scientist, so what do I know?",1.0,1553878624.0,t1_ejo3wr3
eo1eqkw,politics,">Thank you for pointing out that electoral politics are completely inadequate to the task we are facing right now. 

You're welcome.

>Socialists have been trying to get liberals to understand this for more than a decade. We need action as well as votes, because in the end, whoever is in office will do what we demand if we give them no other choice. Dr. King, Malcolm X, the Winter Soldiers, the Suffragettes, none of the people who accomplished anything in the 20th century were elections campaigners.

So you're here on reddit because...",-4.0,1558197654.0,t1_eo1c2x1
emjc0qm,worldnews,"> What life style do you live to assume mine is so bad? Everything is getting more clean and efficient by the time we have 3 billion more people I don't think we will have to worry. 

What are you basing this on? We're facing mass extinctions *now*. We're having refugee waves *now*. Europe and the US could barely handle one refugee crisis without fascists getting into parliaments everywhere. We're on track to miss our emission targets, and those targets (1.5 degrees) are still going to be horrible for humanity. 2 degrees is catastrophic; 3 is not even worth talking about. More than that, we start getting into straight up death.

We can't treat this like other problems. We can't procrastinate and we can't postpone like we do for everything else. There's no comfortable way out of climate change; we either change our lifestyles, or we're fucked. That means less cars, less meat, less plastic. But that's really goddamn hard, so round and round we go.

Yes, technology is getting better, but we're not going to acquire planetary terraforming technology in the next 10 years. Even if we did, technology isn't enough. That method would've worked if we started the transition in the 70s or 80s. But we didn't. We're facing environmental collapse, and half of the most powerful country on Earth doesn't even believe it exists.",2.0,1557025251.0,t1_emivb6u
e6mcvqz,Futurology,There is however ways to prevent a meltdown,1.0,1537895881.0,t1_e6m6it8
dhm9qx2,environment,Are all Dilbert comics this political now? ,37.0,1494915379.0,t3_6bfblh
die111b,vegan,"Not possible for a lot of us, at least where I am in America. ",11.0,1496452136.0,t1_didv14d
hj6nvy3,worldnews,"Huh, today I learned that humans can't eat corn, wheat, or soybeans! Fascinating!",3.0,1635966039.0,t1_hj3bdr4
efaphvb,politics,"Trump will never change his mind. All of his advisors tried to tell him he was wrong about economics and he wouldn't budge. 

""Several times [chief economic adviser Gary] Cohn just asked the president, 'Why do you have these views [on trade]?' 'I just do,' Trump replied. 'I've had these views for 30 years.' 'That doesn't mean they're right,' Cohn said. 'I had the view for 15 years I could play professional football. It doesn't mean I was right.'""",2.0,1548796441.0,t1_efabbb6
dadd4jy,politics,Yet somehow this is the least stupid thing I've read/heard from Pence this week.,1.0,1479957946.0,t1_dadcu47
cnn9yti,politics,"> wouldn't be the first pocket-mod I have dealt with

When it smells like shit everywhere you go, check under your own boot. ",2.0,1421124525.0,t1_cnmyc2b
da3j17t,collapse,"There is a silver lining within the noxious CO2 cloud: 

> Our analysis reveals no significant differences in the temperature sensitivity of soil respiration between control and warmed plots in all biomes, with the exception of deserts and boreal forests. 

*If* I'm understanding the abstract correctly, it appears they're saying they looked for this increased respiration rate due to increased temperature, but they only found it in deserts, boreal forests (and mentioned elsewhere in the link, at higher altitudes). 

>  Thus, our data provide limited evidence of acclimation of soil respiration to experimental warming in several major biome types, contrary to the results from multiple single-site studies.

It sounds like the prior understanding from earlier studies was erroious because they generalized based on single-site research, in contrast to this current study that was more comprehensive and because of that found the association in only a few circumstances (deserts, boreal forests, etc). 

And the following is straight up sweet mercy: 

> Moreover, across all nondesert biomes, respiration rates with and without experimental warming follow a Gaussian response, increasing with soil temperature up to a threshold of ∼25 °C (77 F), above which respiration rates decrease with further increases in temperature. 

If the BAU warming projections are correct, much of the world is going to be spending much of its time above 25C/ 77F within a few decades, meaning we might be seeing peak soil respiration of CO2 by that time and it would decline as the world warms further. Considering that the trend with new research is uncovering new feedback loops and other details that show the situation is worse than it appears, to see that one of the feedback loops (and a major one at that) is due to peak soon and begin decreasing after that, *that* is some good news, even if in an apocalyptic context.


It's just a relief (to me at least) that there is at least one near-term natural braking mechanism to counter the feedback loops. 

",2.0,1479342302.0,t3_5d87v1
e59vjzv,worldnews,Yes.  Or jail... I will go with either. ,-35.0,1535907585.0,t3_9cdhh2
dcaqos5,Futurology,"Disregard, Frank. Just a bunch of liberal bullshit.",1.0,1484162183.0,t1_dcaltrw
elnwbef,environment,Yes it's my fetish. Hit me harder daddy,2.0,1556119726.0,t1_elnwa30
fq7gpqa,Futurology,"We had one, not a perfect one, but better than this corporate run ness  we have now. We have both sides, but majority republicans taking money double fisted from these guys to push laws they want. Get money out of politics, and actually treat corporations like people. If I dump the amount of oil in the ocean that these oil companies have, I’d be in jail. If I was using my position at work to dump harmful chemicals into rivers I’d be in jail. And if my company made the water of certain parts of the county unsafe to drink,
My ass would be in jail. We need to do the forget thing and actually treat them like people.",3.0,1589146165.0,t1_fq7g6xm
dmvdmlt,memes,"Climate change or global warming? Cuz there are many that deny global warming but periodic shifting if the climate, back and forth, is normal and that's what no one denies. What's not normal would be sudden increases in frequency of this events, say like hurricanes one right after the other with no gradual increase up to it over the last few years. This isn't even a thing compared to what they're actually worried about  for the future. ",1.0,1505161470.0,t1_dmuk8ac
ca8eq5h,skeptic,"Actually, they were unionized.  They voted to delay pay raises in order to help the school district avoid cutting programs that would impact the students.  Springboro was especially hard hit during the recession and it's tax base wasn't able to adequately fund the district.  Coincidentally, they also have a relatively low property tax (how school districts are paid for in Ohio) for, what was, a relatively high income district.",5.0,1369865398.0,t1_ca87r2d
i5p93dm,Conservative,"He is creepy and he's oocky mysteries and spooky"" You Raaannngg""",5.0,1650595250.0,t1_i5p79wq
csavvli,Catholicism,"> the dogmatic significance of an encyclical?

There's not a lot of dogma there, especially if you're looking for something new.

>versus the most recent encyclical which, at least regarding climate change science, is relatively new.

The introduction shows the importance of previous papal statements on the issue.  Biblical statements abound.  There is also a close and deliberate tie between this encyclical and previous papal statements, especially on social justice.  The fact that it mentions *Pacem in Terris* (and not, say, *Rerum Novarum*) first places it in reference to previous papal pronouncements and distances itself from the impression that this is something novel.

Basically, there isn't all that much new in the encyclical--and that's by design.",5.0,1434647356.0,t1_csauy98
fmmd3ux,Futurology,I think you have no idea what virtue signalling means.,5.0,1586203107.0,t1_fmm5xoq
e7qunc9,worldnews,"Do you have power distributors that offer plans that guarantee green sourced power? If so you can get that, and if enough people do, they'll have to build green power plants to cover the demand, or buy from abroad reducing the profitability of the coal plants.",15.0,1539523151.0,t1_e7qo266
dt826m0,worldnews,Im sure if President Trump said he was going to feed all the homeless people in America the world would respond by closing all the soup kitchens.,0.0,1516896375.0,t3_7sv0bk
ek3ifro,JordanPeterson,"I dunno.. I'm pretty toxically masculine and am also vegan. 

I also think that when impossible burger hits Burger King soon, toxic men will probably eat it too - even if it's made by greedy capitalists. 

&#x200B;",1.0,1554382250.0,t3_b9aqwo
f0w9ztf,ukpolitics,"From people I've talked to the sense of disengagement comes from either a lack of empowerment or a lack of feeling informed. It's so important that people find their angle to connect with politics, because, in my view, feeling informed and feeling empowered will come naturally once you get stuck in.",7.0,1569002483.0,t1_f0w2h76
i5wwc80,collapse,Yup. This year has been awful,16.0,1650742738.0,t1_i5wn84m
c782sa8,politics,WHAT THE ACTUAL FUCK?! I'm with Crazycyberbully. How does this keep happening? It's like they've gone full retard.,6.0,1354117105.0,t3_13x8xb
djy37tx,worldnews,I think you have a huge misunderstanding about global warming.,1.0,1499523301.0,t1_djxqmxe
dop4r30,formula1,"Well you would be wrong. /r/holdmybeer proves that men have many virtues, but above all, we're bloody stupid.",1.0,1508624400.0,t1_dop4hsn
dvydes1,news,There is plenty of evidence of devastation caused by acid rain. And the main cause of acid rain is the burning of fossil fuels. ,1.0,1521485973.0,t1_dvy0zfs
ddoz7xk,worldnews,"I don't wake up everyday thinking that. But I do reflect occasionally on how I can help, and stick to that. For instance, I decided that I will try and car pool and use public transportation as much as possible.

Why do you guys insist on making lives of millions of people shit?",1.0,1487005607.0,t1_ddolftt
e9d6xkk,politics,"It's to avoid tyranny of the majority, but it swings too far in the other direction. If the electoral college continues the way it is, then the individual States should get more power. The liberal states shouldn't be held back from progress because of the actions of the more rural states.",2.0,1541780886.0,t1_e9d3g7c
db70gey,politics,"A 1950's era witch hunt to root out communism in the US through fear and intimidation.

[Did you read this?](https://en.wikipedia.org/wiki/McCarthyism)

> the word McCarthyism has entered American speech as a general term for a variety of practices: aggressively questioning a person's patriotism, making poorly supported accusations, using accusations of disloyalty to pressure a person to adhere to conformist politics or to discredit an opponent, subverting civil and political rights in the name of national security, and the use of demagoguery are all often referred to as McCarthyism. McCarthyism can also be synonymous with the term witch-hunt, both referring to mass hysteria and moral panic.",1.0,1481740894.0,t1_db6scln
ddnjpnh,worldnews,"Humans have ~150 years of reliable weather data and yet we make all these claims like we really know what's going on...remarkable!
",0.0,1486920050.0,t3_5tkbo5
eqq6o2n,canada,"> Studies that don't take a position aren't part of the set to consider when determining the position climate scientists take

Tell that to NASA.

https://climate.nasa.gov/faq/17/do-scientists-agree-on-climate-change/

> Do scientists agree on climate change?
> 
> Yes, the vast majority of **actively publishing climate scientists** – **97 percent** – agree that humans are causing global warming and climate change. Most of the leading science organizations around the world have issued public statements expressing this, including international and U.S. science academies, the United Nations Intergovernmental Panel on Climate Change and a whole host of reputable scientific bodies around the world. 

.

> what about this is too complicated for you to understand?

The part where they say the number represents a consensus opinion among actively publishing climate scientists, except the number is actually the *sum* of the 32.6% of *abstracts* (not scientists) that endorse AGW, *plus* the 66.4% of abstracts that expressed *no position* on AGW.

Excel tells me, 32.6 is less than 66.4, could you double check that for me to make sure I'm not doing the math wrong?

EDIT: 

This is interesting:  https://www.cbsnews.com/news/congress-may-probe-leaked-global-warming-e-mails/

Also this: http://www.di2.nu/foia/HARRY_READ_ME-0.html


    21 November 2009 Searching the CRU leak emails
    21 November 2009 CRU leak thoughts
    23 November 2009 The Pierrehumbert Strawman
    23 November 2009 The HADCRU code as from the CRU leak
    25 November 2009 More CRU Code thoughts
    1 December 2009 Science, Computer Science and Climate Science


Reading [this](http://www.di2.nu/foia/HARRY_READ_ME-35v.html) you have to feel sorry for the scientists working on all this crappy data and having to produce particular outcomes.  Hopefully we're paying them well!",1.0,1560213493.0,t1_eqq5hjx
g1zlmjh,worldnews,"This is the best tl;dr I could make, [original](https://news.agu.org/press-release/the-tropics-are-expanding-and-climate-change-is-the-primary-culprit/) reduced by 92%. (I'm a bot)
*****
> WASHINGTON-Earth&#039;s tropics are expanding poleward and that expansion is driven by human-caused changes to the ocean, according to new research.

> The new study found tropical expansion is driven primarily by ocean warming caused by climate change rather than direct changes to the atmosphere.

> Climate models using these variables to explain the expansion consistently underestimate the speed of the shift and do not account for why expansion is happening in some regions but not others.


*****
[**Extended Summary**](http://np.reddit.com/r/autotldr/comments/ic2nhc/the_tropics_are_expanding_and_climate_change_is/) | [FAQ](http://np.reddit.com/r/autotldr/comments/31b9fm/faq_autotldr_bot/ ""Version 2.02, ~517429 tl;drs so far."") | [Feedback](http://np.reddit.com/message/compose?to=%23autotldr ""PM's and comments are monitored, constructive feedback is welcome."") | *Top* *keywords*: **expansion**^#1 **ocean**^#2 **tropical**^#3 **new**^#4 **research**^#5",1.0,1597763003.0,t3_ic29os
g500gfd,Futurology,"You're very welcome to find any misleading stats in the research I shared.

Look, since you seem to identify with a political party that basically denies the existence of a climate crisis in order to line up the pockets of their generous fossil fuel donors, I can't expect you to be very curious about the ways to solve it.

You only argument here is hostility, and you reject any information I share based on ad hominems. I'm an electrical engineer by the way, which makes your defense strategy even more absurd.

>  Watch very, very closely to what california does with their generation deficit. 

I suggest you watch [Denmark](https://en.wikipedia.org/wiki/Renewable_energy_in_Denmark)'s or [Scotland](https://en.wikipedia.org/wiki/Renewable_energy_in_Scotland)'s.",1.0,1599953641.0,t1_g4yq6o9
cr7kok7,worldnews,"Political Motivation 101

Right Wing:

Terrorists! Gays! Mexicans!

Left Wing:

 War on Women! The Ocean is Coming! Killer Cops! 

Look... Don't worry people. We have former Walmart Board of Director Hillary Clinton, who has 2.5 Billion dollars she's going to spend to win the election in 2016. She'll save the women,stop the ocean, and re-educate all those racist cops. If she loses don't worry- I'm sure Jeb Bush will come up with a plan to put all those women in combat and do a preemptive strike on the terrorist ocean.   ",0.0,1431507516.0,t3_35ra37
da2pvoy,worldnews,"> Doesn't that expose you guys to a lot of ways for bad people to use loopholes to get what they want.

Totally. But the idea is to at least slow down people who are up to shenanigans, or isolate them a bit in their own states. ",1.0,1479305330.0,t1_da2ou4j
eutrsg6,environment,Um I'm pretty sure America's already pretty far ahead of the curve on that one.,1.0,1564030635.0,t1_euq8arq
h05lrti,science,"There wasn't a temperature drop between 1990 and 2000, I think you're referring to the warning pause / hiatus between 1998 and 2012 when global temperatures hardly increased. 

Climate varies naturally not only seasonally or yearly, but also on decadal time scales. These climate variations are caused by e.g. the [Atlantic Multidecadal Oscillation](
https://en.wikipedia.org/wiki/Atlantic_multidecadal_oscillation), the [Pacific decadal oscillation](https://en.wikipedia.org/wiki/Pacific_decadal_oscillation) (PDO), the El Niño and La Niña weather phenomena, and changes in ocean circulation such as the [AMOC](https://en.wikipedia.org/wiki/Atlantic_meridional_overturning_circulation). 

These various decadal climate cycles can increase the rate of global warming or even slow it down by changing cloud cover (albedo), changing sea surface temperatures, slowing or increasing the uptake heat by the oceans. Some of the variation we see maybe due to incomplete weather records. 

In other words, there's natural climate variability superimposed on the overall trend of global warming. The pause in 1998-2012 doesn't contradict the idea that humans are warning the planet. 

>A combination of changes in forcing, uptake of heat by the oceans, natural variability and incomplete observational coverage reconciles models and data. ***Combined with stronger recent warming trends in newer datasets, we are now more confident than ever that human influence is dominant in long-term warming.***

Medhaug, I., Stolpe, M.B., Fischer, E.M. and Knutti, R., 2017. Reconciling controversies about the ‘global warming hiatus’. Nature, 545(7652), pp.41-47.",9.0,1622518687.0,t1_h05j4u1
d9wohlj,Futurology,"Finally some assholes want real proof. This is awesome, because Trumps guy has been saying the proof is within normal planetary variatiin for years. I am excited by the formal venue for the conversational proofs necessary for a court room venue.",1.0,1478915877.0,t3_5cg56z
cv2mao3,politics,"I'm sorry, was I talking about candidates or the GOP on a whole? Pretty sure I made zero mention of people running for Potus. The GOP is more than like 10 people.",0.0,1442342626.0,t1_cv2m7bm
djv9wc6,California,I feel like that's what he did for our state,24.0,1499369460.0,t1_djv8wp4
h1bz7qm,ukpolitics,"There's plenty of charging points in the west country, at least in Somerset down the M5, which is enough.",1.0,1623362003.0,t1_h1a987k
curvy9a,canada,"If you think climate change will threaten the survival of the human race, you still have a lot of learning to do about it. The most pessimistic of climate change predictions put the negative impact of climate change at about 5-20% of GDP per capita total. To put this in perspective, in the 21st century, GDP grew by over 800% per capita. Yes, 5-20% is a lot, and we seriously need to consider what we can do to mitigate it, but over the grand scheme of things, their effects will be swamped out by other economic factors.",0.0,1441489931.0,t1_curvc8f
dwo0n6i,canada,"They sit on reddit while they are at work ~~on break etc.~~

FTFY",2.0,1522660927.0,t1_dwnovqo
erso6by,politics,When did the Republican Party decide to become the party of villainous superevil?,4.0,1561219671.0,t1_ersgrti
cumy6kd,worldnews,"World leaders don't give a shit about climate change. If people actually gave a shit America would be completely renewably powered by now and China would be trade sanctioned until it collapsed.

If this is the end of the world scenario like they are talking about, they don't really care.  

Edit: Instead of downvoting me tell me why, for something so severe such as climate change, seemingly nothing is being done?",0.0,1441111598.0,t1_cumvxh7
fz1gzci,Futurology,"I'm in full support of Nuclear, read my other comments. 

I work with and conduct research on Nuclear batteries. 

I didn't say it is more feasible than nuclear power.",1.0,1595551220.0,t1_fyypwyg
hus48gf,climatechange,"> coffee alarmism

You need to hit the audience where it hurts, make climate change part of your daily, overconsumptioning behaviour.",2.0,1643498203.0,t1_huruuow
d5smqvd,worldnews,"There's still hope. We have a lot to learn, maybe there's a solution in the near future. Until then, we gotta do all we can to delay our impending doom",7.0,1469598716.0,t1_d5skvsu
fny3dad,worldnews,"It very much is a bowl of fruit, where the assholes that were in line first took all the best fruit. Leaving millennials with crappy looking bits. When millenials use what they need, even if they try to leave Z’ers something. All they gonna get is an empty bowl.",1.0,1587352420.0,t3_g4io3u
eh1tsza,Futurology,Wow!  In the end it will cost more than that.  But thats a great start.  We need 1 trillion new trees growing yesterday.  So 1 trillion$ could buy us 0.4 trillion new trees.,18.0,1550863508.0,t3_atke4s
elinvh5,politics,1 in 5 is Trump’s base?,1.0,1555962046.0,t3_bg0od3
edhikqx,Futurology,"I agree and I think we are moving in the right direction.  Previous generations never had to deal with mass pollution so I don't entirely blame them for not seeing it coming (though that does not excuse them either). Public sentiment is moving in the right direction. Technology may make many issues we see today irrelevant - fusion power, carbon capture, lab grown meat, etc.

At the same time, I'm not optimistic that humans can overcome our greed.",1.0,1546881281.0,t1_edhho15
d9sh5rl,politics,".... And? I don't have any issues with changing my opinion if facts are shown to me providing proof to the idea in question. However so far you have just said ""yeah i have proof trust me"" ",1.0,1478676475.0,t1_d9sd82f
e925mo6,climateskeptics,">According to Bloomberg columnist Faye Flam, “climate change” simply isn’t scary enough; so they’re trying new ways to frighten their readers.

No climate rat scientists were sourced by name and Ben (starring in the movie Ben) declined to be interviewed.",3.0,1541369794.0,t3_9u7p34
degg7dr,worldnews,"> Doesn't stop ignorant rednecks from doing it though.

Aren't cars obliged to annual exhaust inspection in the US?",2.0,1488546458.0,t1_degffdy
cozgkpo,canada,"> I'm in agreement that more sustainable/clean energy would >benefit them but you have to keep in mind some industries are just nasty. You want shiny things made out of plastic? You need oil from the ground. You want things made of steel? You need to superheat metals and minerals to forge it...

Oil only causes climate change when you burn huge amounts of it, not when you make plastic stuff out of it.  If we just used oil for plastics, we wouldn't be facing this issue.

",1.0,1425081172.0,t1_coz7atu
if2aw35,europe,"Scientists disagree with you.

https://news.uci.edu/2021/11/05/wind-and-solar-could-power-the-worlds-major-countries-most-of-the-time/

https://web.stanford.edu/group/efmh/jacobson/Articles/I/21-USStates-PDFs/21-USStatesPaper.pdf",1.0,1657108464.0,t1_if2261x
fiq540f,worldnews,"Oh look. Another mindless Lefty trying to tell me what I believe and who my ecelebs are.

Its been almost two whole minutes since that happened.

*This article is an ad for her you oblivious drone.*",1.0,1582635381.0,t1_fiq4rtt
cviu2bf,worldnews,"Yes there are.  If you take university courses on related subjects you learn that it's climate change, not global warming.  Some places will get drier...some coastal areas will flood, etc.  But some areas that are currently desert, will also over a period of time turn into fertile areas.  


That doesn't take away from the refugee crisis on hand though.

There are places in the world that have actually been cooling...

Climate change.   Not global warming.",2.0,1443578380.0,t1_cviq9tn
f74qlhb,AntiVegan,"If only he had any sources to back up his numbers, a lot of meat is also imported, so they just move the greenhouse gass emisions",6.0,1573406478.0,t3_ducoly
ex75dno,worldnews,We're not calling climate change deniers idiots because we don't have evidence to prove them wrong. We're calling them idiots because decades of evidence and overwhelming scientific consensus hasn't changed their uninformed opinion.,13.0,1566056200.0,t1_ex711a1
dpex8lm,worldnews,Trump went on to suggest napalm as a solution to forest fires and sprinkler systems as a solution to flooding. ,1.0,1509947826.0,t3_7axe63
fxqkp4u,environment,Isn't that what Reddit is for?,2.0,1594497659.0,t1_fxqf7df
h752kba,environment,Ah gotcha. Good context.,1.0,1627685711.0,t1_h6zmb9u
dd2orqx,worldnews,This should be guilded.,2.0,1485731148.0,t1_dd2f9wn
ih96t22,science,"Climate change is *not* man-made (anthropogenic), it's being *accelerated* by human activity. That distinction is incredibly important, and if we're to post here as a scientific community we should respect that.

There should always be room for people to challenge ""established scientific facts"" because that's what science is, otherwise we're just looking at dogmatic reality dictation. That said, for something to be taken seriously, we should expect a level of professionalism and provision of credible/replicable evidence, and not facebook memes.",50.0,1658531821.0,t3_w5kiho
ckiglmt,skeptic,http://www.reddit.com/r/skeptic/comments/2gemov/rules_of_thumb_for_climate_change_turned_upside/ckig5z1,4.0,1410740835.0,t1_ckigkg9
fcn06k2,Futurology,"It isn’t really when the whole family will literally fly in separate helicopters around the uk on a regular basis, or take private planes to fly on personal holidays. 

When we are talking about climate change it’s pretty silly to pretend this doesn’t have an impact, and is indeed hypocritical for them to lecture everyone else about their lifestyle when they undoubtedly add more to emissions than most ever will.",120.0,1577799369.0,t1_fcmz7bq
dccx2v6,environment,I could see these sociopathic fuckers rationalizing it under their duty of loyalty to the company and suddenly turn a new leaf after he gets his payday. ,10.0,1484273176.0,t1_dccudzc
c3crgyf,environment,"The payback time includes the time it takes to recoup your investment. In case of an energy source it is the amount of energy that is needs to be used to produce this type of energy source. Yes, you might say money is not energy, but is is more or less a best proxy we can have as nothing is going to happen unless you spend money. So if you want to supply energy 100% from renewable sources and your payback time is 20 years, then you need to invest 20 times the amount of energy (or money) that you  spend in one year to get an energy source of this magnitude for all year round. ",3.0,1325357111.0,t1_c3cqj0d
emikdhs,worldnews,"Paper might be renewable but increasing paper production = more deforestation and more trees being cut down. 

Funny how these issues come in cycles. It used to be about saving the trees and conserving paper.",2.0,1557003784.0,t1_emijhhp
ckvjw83,news,"In the summer there are plenty of plants on the tundra, Just image search for ""tundra summer"" and see all the grasses and wildflowers.",2.0,1412000104.0,t1_ckvienz
ehwkiyd,Futurology,I think those people needed the therapy before the climate change paper.,151.0,1551859811.0,t3_axwafg
dpjcjqs,politics,"Sigh. Trump won an election. That happened because Americans voted for him. I personally did not vote for him, so I personally am not responsible. I am an American, and collectively we elected him. Hence as an American I bear responsibility.

It's like how Chris Taylor isn't personally responsible for the Dodgers losing the World Series, but The Dodgers are responsible for losing, and Chris Taylor is a Dodger.

We, as in Americans, elected Trump. True story. We, as Americans, are responsible for having elected Trump.",1.0,1510168951.0,t1_dpj4mx0
hqflixw,alaska,Yep…I should concentrate more on reading a table rather than being snarky. 65 was/is correct.,1.0,1640799067.0,t1_hqfeeqp
ex7w328,worldnews,"That's the stupidest shit I've ever read. 

Just reread and reevaluate your comment, and then tell me if you honestly think it's a qualified rebuttal. I'll wait.",-15.0,1566065553.0,t1_ex7qg0n
gokc3f1,unitedkingdom,You can gaze on Musky and his rich mates rocketing off to colonise some other planet?,3.0,1614156981.0,t1_goivq6p
d9u64g3,science,You must've missed the AIDS epidemic. 1/2 of America was supposed to be dead by 2000. Funny how they were wrong and knew they were wrong. ,-1.0,1478774932.0,t1_d9tx8ya
dlw9dra,politics,"Do you live withing 125km of the coast or live in the tropics?

If so, you're gonna be buttfucked pretty badly. And Trump just burned some of the lube.",12.0,1503262361.0,t1_dlw8mqb
d84bm2p,politics,">Climate change of this magnitude is a new phenomenon

1 degree fluctuation in temperature is not unprecedented, and we are still coming out of our current ice age. It's just a bad illustration. The reason he picked 20k specifically as opposed to 200k is to put more emphasis on the rate of warming but it's not showing the full picture.

http://www.climatedata.info/proxies/ice-cores/files/stacks_image_9591.png",-18.0,1474996072.0,t1_d84b7sm
fdi3tc1,worldnews,"The fact that people can be such morons to fall for that explanation is part of the problems. 

It doesn't explain anything. If 24 or 240 people tossed lit matches randomly in the English countryside, even in August, they wouldn't burn down 2/3 of the country. Something that catastrophic does not happen if there are not conditions that make the whole thing extremely burnable, *regardless* of how many arsonists are working at it.",5.0,1578435239.0,t1_fdhk42m
e4jbs96,environment,That's ALOT of dough though. Good on them if they do it but it's hella risky!,2.0,1534795874.0,t1_e4jb305
fzvvzfm,worldnews,Have u been drinking today?,4.0,1596215326.0,t1_fzvpn8q
f9suf6b,australia,Source? And how much is that worth?,1.0,1575600808.0,t1_f9ss6r2
f2wq0h8,technology,Would you rather them do nothing?,0.0,1570468771.0,t1_f2wpx8s
elv48o5,politics,"> Though strongly detest your generalization that ALL Republicans are this omnipresent force that counter anything productive for our people/world.

Why? It's accurate. How is accurately describing the situation ""vilifying"" people?",1.0,1556312026.0,t1_elutain
ievebhe,politics,*The GOP hated Bill Nye because he told the truth*,10.0,1656972839.0,t3_vrhabu
emwlxou,Impeach_Trump,And a circle? Damn Girl!,8.0,1557395405.0,t1_emvskw3
er8c7z1,collapse,more regionalism. small structures.  but what happens in the big citys...  interesting times we liove in.,2.0,1560601392.0,t3_c0rn0d
er9148r,worldnews,"I believe the ""Peaceful Revolution"" of the GDR. But this was more because already 1 million (out of 17 million total, making it like 10% of the adult population) were protesting at 2am. They would've probably stormed the wall a day later.",2.0,1560615372.0,t1_er6jbsc
idc5ajh,environment,"The reason I ask is because I genuinely don't know what conservative ideals are anymore, and I know that these fringe beliefs aren't shared amongst the general ""conservative"" population.

Conservatives, in my life, seem to be most concerned about individual and corporate freedom, less tax and regulation, states rights over federal control, Christianity, and a well armed citizenry capable of defending themselves on a frontier level while being capable of fighting off the US military, police, and government if they become tyrannical. This is all if I am not mistaken.

In response to some of the wilder bits, the belief healthcare isn't a right ends many lives early year after year in the US. Beliefs can affect more than feelings.

 Second, infantilizing my genuine, straightforward, and unloaded question like that is part of the bad acting that is a part of conservative culture in general, one of the major reasons I have stopped listening to it for the most part and have fallen out of touch with understanding it. Same with the human being part. Who said anything about your humanity? I don't even see it in any of the other comments. Play on truth and logic instead of heartstrings and assumptions for a second here, if you would. I just want to know what some of these widely accepted, non fringe, conservative beliefs are.",3.0,1655923983.0,t1_idbxz5l
cs2cqb9,tea,"> Tea is now being grown in regions that previously might have been too cold or dry. 

Such as? I'm just curious, because that wasn't addressed in the article and I was curious about it. ",1.0,1433976651.0,t1_cs0roj9
dd2mkrl,worldnews,God it's like an Orange Idi Amin.,2.0,1485728343.0,t3_5qtlqb
el0d8tb,worldnews,"Yeah okay, let's just ramp up fossil fuel consumption instead and see how long it takes before we all just fucking die because our world is uninhabitable. That sounds like the better option.",8.0,1555411498.0,t1_el02640
ecr2sbq,Futurology,Unfortunately my country is in your scenario right now. South Africa. ,0.0,1546026767.0,t1_ecquiwo
dcn8yh1,politics,"Don't worry, we'll go arm in arm.  All the way back to the 5th Century if we need to!  Bring back crucifixion! ",4.0,1484862041.0,t1_dcmwolx
eajpgcv,australia,"If we're going to blow the money it shouldn't be on copper, and we should be very wary of underestimating the speeds we'll need in the future. Especially when many other countries have a fibre optic backbone. Instead if baby bonuses and other election bribes we should have spent the mining boom windfall on 21st century infrastructure.",8.0,1543287988.0,t1_eajnp9h
elsf934,minnesota,It's not stupidity - it's a very well executed political strategy. The stupid people are the ones who are still falling for it.,9.0,1556235933.0,t1_elraz2c
f48tzno,collapse,So.. you think the solution is make working people suffer and starve... brilliant,6.0,1571448850.0,t1_f48oq1l
dadtfc0,Futurology,"Hey man, I apologize if you feel like I attacked you.  Definitely could have used less pointed language there.  I'm gonna look past the way you reacted to my comment by attacking me personally, and if you actually want to have a discussion I'm certainly open to it.  

I'm seriously curious about how you see this, because its pretty clear that at least on this issue there's no comparison between Donald and Hillary.  And if you're just jumping in to make a dig at her, when it's pretty irrelevant to the conversation going on in this thread, I just have to wonder what your motivations are.  I'm sure you have a reason, but it's just not very clear from what you've written, and it makes it look like your comment is just there to bash a candidate that's no longer relevant.  

Seriously, I'm curious and I apologize if you felt attacked.  I agree that this needs to become about coming together.",3.0,1479997126.0,t1_dadsssq
h6zmmxk,worldnews,"You clearly didn't read the article. Those ""75"" companies and by proxy their actions only exist because they make money. The ""half measures"" I mentioned are literally all it would take to shift the monetary incentive away from wasteful manufacturing practices. While hopefully deminishing the terribly damaging livestock industry.",1.0,1627584915.0,t1_h6zco6x
go2nnij,worldnews,"although is disagree with hellllooqp's phrasing i agree with his message. the comment mike_nash1 said is full of Half truths. 

""77% of that land is used for livestock""

 most land cannot be farmed but it can be grazed. that number seems high which makes me think they are counting monocrops as used for cows. the Majority of what cows eat are inedible to humans. So they are up-cycling the inedible stems to protein.

 ""17% of calories and 37% of protein.""  If you want calories you should make everyone grow sugar cane. We dont have a calorie  problem. Also they are counting how the world does it. The US is much more efficient when it comes to cows. i think we have somethign like 10% of the cows but produce 20% of the meat.  Protein from beef is not the same as vegetables. Your body cant absorb vegetable protein at nearly the same rate as beef. So if you are just counting 10 grams of vegetable proteinn and 10 grams meat protein and claiming they are the same you are being biased against meat. 

Regenerative agriculture can be carbon negative.  grazing animals increases biodiviersity. You can put cows on land to eat grass they feeds the soil. Monocrops teardown everything.",-5.0,1613785316.0,t1_go22br2
gntxfk6,neoliberal,Clearly that doesn't work though.,17.0,1613609222.0,t1_gnt76cn
dyjds6s,climatechange,"Did you read the article?  

> “As a scientist, what concerns me the most is not that we have passed yet another round-number threshold but what this continued rise actually means: that we are continuing full speed ahead with an unprecedented experiment with our planet, the only home we have,”

Nobody said it was a tipping-point.  It's just a number.  Also, there is no expectation that one day, the world will warmed by 2 degrees Celsius, and then boom, all kinds of hellfire will ensue.  It's just that the probability for various kinds of disasters, like drought, severe weather, etc, will be higher.  They chose nice round numbers like 1.5 C and 2 C warming in order to give politicians and policymakers clear targets.  **From a scientific perspective, these are not tipping points, these are just numbers.**",10.0,1525618832.0,t1_dygp0ye
g0hc47x,worldnews,">You know in order for it to be murder he has to have directly caused the death, right?

This isn’t actually true. If your actions could or would have led to another persons death you can still be charged. I’m not saying that is or is not the case here, I’m not the judge in charge of making that call, I’m just pointing out that this is not a great defense of those officers.",3.0,1596657431.0,t1_g0h8vp8
f0w04wh,worldnews,"Without looking it up, and using my idea of a globalist instead of the definition, its anyone who wants borders removed and a centralized world government.",1.0,1568995937.0,t1_f0vn9ji
cdjft23,Conservative,"I don't think either side can claim to know the truth. Models used in the IPCC report were all wrong and didn't predict this current pause. Increases in extreme weather have not occurred. Hurricanes are not increasing in frequency and severity. We obviously don't have the science down yet. Yet, there has been a trend upwards suggesting future warming. 

We just don't know yet",5.0,1385011082.0,t1_cdjf0i2
eltcut6,TrueReddit,"This is one of the best articles in a while, thank you very much!
I would post this in /r/bestof , but I made a post there yesterday.

Somebody should do it though, because lobbyism watering down the actions and weakening the ability to act of the legislative branches all over the world is one of if not *the* biggest problem of our time.",2.0,1556263217.0,t1_elqj5lg
efyaf47,politics,This is a good development. The big green groups like Sierra Club and LCV have been too accommodating. They politely accept pretty words without action and still hand out easy endorsements. ,0.0,1549556829.0,t3_ao4xwg
f0p2ap9,worldnews,"Huh? It's rather the opposite. It's much easier to change stuff in a country that isn't democratic, just not for the people themselves.",2.0,1568825598.0,t1_f0olypz
c2q481z,worldnews,When it becomes expensive to pollute it incentivises a move towards green and hopefully one day zero emissions technology. Do you not think solar power is not a whole lot more of a good idea than a coal fired power plant?,1.0,1318190945.0,t1_c2q3i32
cz052qk,environment,"> David has been a high-level management & strategy consultant to companies like Sony, Hewlett Packard, Amazon, Office Depot, Lucent, CSC, Intel, NASA, and many start-ups. He has written five books about the Web and business, four of which have been bestsellers. 

In other words, doesn't know the difference between his ass an a hole in the ground.",1.0,1452922662.0,t3_4157h8
fgerz70,Futurology,reddit is far too left wing to read and understand a post this sensible.,10.0,1580707933.0,t1_fgerjyt
eha8ioo,worldnews,Ok I’m not sure I’m understanding your comment but it’s not a contest every country needs to be switching power sources and soon.  Germany is a 35.2% renewable and 11% nuclear. They could easily replace all hard coal and lignite plants with nuclear and existing renewable tech within a decade. What is being criticized is that the German government is snubbing one of the best ways to phase out fossil fuels because nuclear power scares people even though by statistics it is one of if not the safest method to generate power.,1.0,1551139680.0,t1_eha6med
empmi71,UpliftingNews,"And all those miners and engineers who live in one of the most impoverished regions of the country and have no other options? Eh, who cares? They're not gonna vote Democrat anyway.",0.0,1557204908.0,t3_blfsqd
d3qdci2,worldnews,'You see we need to cut the reef so we can make a bigger pie.',1.0,1464703094.0,t1_d3q78aq
fcx5hfo,NearTermExtinction,It doesn't matter if the air and water are poisoned.,1.0,1578052059.0,t1_fcwzsyd
c0kjs39,worldnews,"Thanks for the technical specification; I will be sure to have at least 50,000ppm of CO2 in my hypothetical gassing of the Utah state government.

Just to be clear, my point was that making legislation one way or another doesn't change the reality of the situation and that anyone who thinks that it does would be stupid enough to try to save them selves from asphyxiation by high concentrations of CO2 by legislating CO2 to be illegal.  I was not trying to insinuate that the CO2 we are putting into the atmosphere will cause deaths due to asphyxiation.

This is all tangential, by the way, to the validity of the human caused global warming idea.  It is like legislating that the sky on Venus is blue.  In reality the sky is might be blue, it might be purple, or Venus might have such a thick atmosphere that light doesn't reach the ground so assigning a color to the sky is absurd.  The legislation does not lend weight to the statement ""Venus's sky is blue"" if the sky actually happens to be blue nor does it disprove the statement ""Venus's sky is red"" if the sky is actually red.  In any case (blue sky, red sky, or other) the legislation is stupid.  

It does become more stupid if, for instance, the vast majority of venusian-actinic-color-theorists were come to the conclusion that the sky on Venus is in some spectrum of infrared after looking at all of the data on Venus's atmosphere and the legislation is still passed but it is stupid even without that condition.
",15.0,1266169499.0,t1_c0kjmkt
d20kk2o,environment,Alright that's just way overblowing my statements and taking it to the farthest degree possible. I never said anything about mandating that people can't eat meat and would never do so. That's crazy. But that also doesn't mean people should just blindly do what they feel like without understanding the effects that it has on a larger scale and being able to modulate their habits accordingly.,4.0,1460508524.0,t1_d20jd29
c1l1d2s,reddit.com,Ahah so the icebergs wont melt.,1.0,1300315218.0,t1_c1l0iwx
fehbpr1,Futurology,Solar companies are notorious for this.,7.0,1579113269.0,t1_feh8y8l
e7fvuz7,enviroaction,It might be of value to [join people already lobbying](https://citizensclimatelobby.org/).,3.0,1539072548.0,t3_9mn5o7
hcy1mvr,ukpolitics,"I imagine child hunger, genocide and genital mutilation are also mentioned less before watershed than toys, weather and cars.

I blame CBBC.",7.0,1631710930.0,t3_ponrmu
fnvw9du,Michigan,Is all that tree-cutting partially the reason the dunes swept over and buried Singapore?,1.0,1587306249.0,t1_fnu2j92
i3hqiu5,worldnews,David advocated limited population growth. Sounds familiar like the communist Chinese party 🎉. I mean why don’t depopulate the planet since we all exhale carbon dioxide and in the process that will eliminate the need for more energy and resources. Why don’t we let our morals go for the sake of scientific data we not completely sure of. I mean meteorologists can’t even predict the weather 24 hours ahead of time. Weekly forecasts are often off and are always based on past records with a constant update of radar. Just bc we have fancy technology now doesn’t mean we can predict the future,0.0,1649168001.0,t1_i3hebkt
i05gics,australia,"You seem to be using ""intense"" in two different ways: ""lots of area was burned"" and ""there were single, large fires"". I wonder if you are conflating them?

There's less contradiction between ""some forest types that we have aren't compatible with fire"" and ""continuous, active management using fire"" than you suggest. Just because there's always a fire somewhere doesn't mean every tree has to be burned.

But yes, when the colonists arrived most of the east coast was open parkland with scattered trees, and there were very few areas of dense woodland. There is more of the latter now, and likely more trees overall.",1.0,1646943796.0,t1_i03rvqz
cdrvjmj,atheism,sounds good and all but this shit has been going on since 2011. Yall had an election for this school board in 2012 and someone reelected some of them anti science folks. If it wasnt texans.. then who voted for them?,6.0,1386011522.0,t1_cdrv2ir
hje3if3,climatechange,At some point you can no longer draw a line between the two.  If climate change has made a problem even just 10% worse.  That increase is large enough to cause significant more damage than the natural state of things.,-1.0,1636099988.0,t1_hjctgse
f79gzo3,AustralianPolitics,"So 13 years as the states top firefighter and he doesn't have the data? 

Bit ironic of you to talk about data isn't it maet? I say that because I've never seen you provide a source",5.0,1573507447.0,t1_f79544l
df2oemf,worldnews,I feel like I'm taking freaking crazy pills watching this nonsense go down. It's incredibly frustrating. So much ignorance in positions of power. ,658.0,1489795262.0,t3_600y2b
h6w9rw3,worldnews,Rapists use that same logic. “It feels so good”. Does that make it right? You people are unbelievably stupid.,10.0,1627517295.0,t1_h6w9czp
d24tgrl,nottheonion,What the FUCK?! How could she not know he is literally a scientist? It would take one second to search for that. ,-1.0,1460773844.0,t3_4ex5rx
ct6i6ep,worldnews,That's an oversimplification of Australian politics.,19.0,1437138839.0,t1_ct6hz0k
hmq9t20,Futurology,Play last decades games or pay the current price,32.0,1638316404.0,t1_hmq9iyq
drfdrjq,politics,"You mean the left wants to shut down anti-scientific completely non-factual narratives that are literally endangering the entire world? Sounds good to me.

Climate change is not a good issue to try this ""the left hates free speech"" routine on.",4.0,1513613995.0,t1_drfbwb8
e556vkz,worldnews,"There's scientific proof supporting climate change, not that people who don't believe in it are mentally ill enough to need hospitalization",0.0,1535699651.0,t1_e5501vo
cswvhof,worldnews,I take pleasure in knowing their future generations are just as fucked as ours. ,1.0,1436403194.0,t3_3clm2z
eek6suy,CanadaPolitics,Because we have agricultural land reserves,4.0,1548013962.0,t1_eek1auu
eab2rmk,politics,SMH r/politics I would have hoped you'd be able to discern a legitimate article from a psuedoscience based ideological fantasy article. Reading this shit is like eating semi intellectual vomit.,-2.0,1542992526.0,t3_9znydl
ei4wcvw,science,"Yeah, that's probably not going to happen for most. I think they need to really invest in lab grown meats. Which I do know there are a few start ups going that way now. Hopefully it will take. I think it will help save the world",4.0,1552135378.0,t1_ei4w5wf
e38d9uy,ukpolitics,She's someone who thinks that those clever technology types can put backdoors into security and encryption that only the government will be able to access.,62.0,1532863517.0,t1_e38d5yv
dwt7kr1,CanadaPolitics,"> We still have the option and the emerging industry of climate engineering.

Perhaps, but we should work on the assumption that the Technology Fairy isn't going to wave ~~her~~ their magic wand and bail us out. In other words, our strategy needs to be based on what we can actually do today, not what we may or may not be able to do tomorrow. 
",2.0,1522870366.0,t1_dwsspvq
gcrlryu,worldnews,"Can we not modify dna of fucking coral and just fix the fucking problem of global warming,",1.0,1605738317.0,t3_jwh9kj
djw1x4s,worldnews,"Probably not extinction, but maybe reduced to several million billionaires who prepped, and a few tribal hunter gatherers who adapted naturally. ",0.0,1499404381.0,t3_6lr31q
dfgzjqv,politics,"I'd love to see all their PHD theses, publications, and work history as background of their expertise in the subject matter....",1.0,1490629765.0,t3_61rrpg
fdtdj4a,lostgeneration,I hate how climate change is a political issue.,10.0,1578715214.0,t3_en1pl2
e9fwaf4,climateskeptics,"You argument has a basic logic flaw. There is no need for further discussion.

If next year we hit a new record that hasn't been hit in 10,000 years you could still apply your flawed logic. Then if the year after we hit a new record that hasn't been hit in 100,000 years you could apply your flawed logic again. Then the same for 1,000,000 years, 10,000,000 years, 100,000,000 years, etc.",0.0,1541882685.0,t1_e9fvz54
edlvy69,worldnews,Do you think government revenue is an economic driver? You know absolutely nothing about economics lol,0.0,1547002701.0,t1_edlvh2p
d3vejrn,politics,"LOL yes, the entire middle east is her fault. Shit, it had been a fucking paradise and the Hillary came along in her pantsuit and fucked it all up. Democracy was all around. Sunni's and Shiites were holding hands and singing. Ah yes...those were the days. /s",15.0,1465014026.0,t1_d3veam9
f6qn1i6,politics,Isn't the status quo pretty much the Republican platform?,1.0,1573080976.0,t1_f6qmecb
heut95r,energy,Methane is for cooking things to death and that's exactly what it's gonna do to the entire planet unless we stop it now,1.0,1633012964.0,t3_py2byt
fmmplrx,worldnews,Wonder if all the ash from the fires had something to do with it?,0.0,1586209668.0,t3_fw7bhf
gvgykh1,science,"I think people should be more selective on having children in general. I was diagnosed with depression at 15 and suffer through it year after year. I would never wish to pass this kind of problem on to someone else, let alone my tendency for addiction.",1.0,1619114328.0,t3_mvrmgc
cg1kghd,politics,"The ones who contribute less to society as a whole, the homeless, the mentally retarded, the crippled

Then move on to lifelong criminals, anyone in prison more than 20 years

Then the super rich and super poor, basically anyone who lacks a skill that contributes to society's well being

Then we move on to the unnecessary, too many whatever's to whatever

Example: We only need 1 plumber for every 50 people so once they have all been chosen, the rest gotta go",1.0,1394719096.0,t1_cg1jebu
ecpnm9k,worldnews,Glaciers are retreating all over the world. ,7.0,1545977143.0,t1_ecphjg3
id84osf,environment,Recycling as it stands is a very energy inefficient process and it was emphasised only because it meant people would continue buying plastic products and the heat would lay off the wasteful manufacturers for a while. It’s a Band-Aid as it stands,2.0,1655844911.0,t1_id80j3g
f7bf2dg,AntiVegan,"Methane is most definately a greenhouse gas:
https://www.nationalgeographic.com/environment/global-warming/methane/ https://www.epa.gov/ghgemissions/overview-greenhouse-gases
 https://www.ipcc.ch/report/ar4/syr/ 

In the first paragraph is sais: ""Anti-nutrients are naturally found in animals and many plant-based foods.""",0.0,1573567079.0,t1_f7878zn
gt50pgv,politics,"They weren’t making concessions for the GOP, the concessions were for Manchin.",1.0,1617370367.0,t1_gt4ycdg
deggt1t,environment,"""He *is* a toomah!"" - Arnold Schwarzeneggerer, probably",7.0,1488547573.0,t1_degc9i6
dscc50y,AdviceAnimals,Thank the jesuits and the reformation.,28.0,1515369267.0,t1_dsc2il4
c2jf8pa,todayilearned,"The largest greenhouse gas by far, by contribution to temperature change, is water vapor.  Do you think humans are the biggest cause of water vapor on the planet?",-1.0,1315873102.0,t1_c2jeusz
cwjt2xm,Buddhism,"So many fallacies and irrational statements in one response. You did not understand my point. Science is a tool that should always be subservient to mankind. We still have very little understanding of electricity beyond the propaganda they indoctrinate the physicists with. Just because you can use something doesn't mean you know how it works. The Egyptians diverted the Nile all the time, that doesn't mean they understood Hydrology or Ecology at a high level. Tesla actually made the biggest leaps in electrical engineering and theory, his discoveries WERE supported by the defense industry and elite banking. You can duck and dive but history is plain for the eye to see, science has been the hammer of hierarchy for 10,000 years. Its time to make the hammer the farm ox it was supposed to be. Government/corporate sponsored textbooks, elite uni education, royal society roots, DARPA/NASA propaganda and a healthy dose of ego building ""Science Rules"" can do a lot to make a person think they're an authority on reality. No thank you, i will take my Buddhism and Vedanta with some tea please :)",0.0,1446325660.0,t1_cwjn393
di0ou5j,worldnews,Breaking:  Trump did not read it,2.0,1495705055.0,t3_6d5z7t
d7xypvw,Political_Revolution,"and what did Bernie say in that one debate?

[Bernie Sanders: Climate Change Is The Biggest National Security Threat](http://www.huffingtonpost.com/entry/bernie-sanders-climate-change_us_561db3bbe4b0c5a1ce610f4c)",2.0,1474576942.0,t3_540qa7
hv3z5uc,environment,"I'm confused, do you think fat only comes from animals?",6.0,1643704599.0,t1_hv3wcby
e2tqznn,worldnews,"> those are alienating terms

If inequality is an alienating term that's a you problem.

So is not voting for climate change solutions.",3.0,1532257122.0,t1_e2sk6ip
ddqqp3p,HumansBeingBros,"Uhh no I wasn't aware of this. I know several programmers and they've never referred to their work as hacking or called themselves hackers. I know hacking has been used to refer to modifying hardware or software, but never just coding. ",0.0,1487099173.0,t1_ddqlaec
djq3qqs,news,And we're not pumping billions of tons of water vapor into the atmosphere every year that had been sequestered under the Earth's surface for millions of years.,3.0,1499093811.0,t1_djposdr
f7jm9pp,politics,"Right, but if too many policies are added there won't be any compromising at all because the bills will be laughed right out of committee. That doesn't do anybody any good",2.0,1573780873.0,t1_f7jm680
d6u9505,LateStageCapitalism,"Yea i know what ur saying if we somehow passed a law outlawing fossil fuels, you have to ask how do you compensate ppl like coal miners in WV, drillers in TX, etc. who need to do it to live, not to mention lots of processes have co2 as a byproduct, it'd be hectic to find processes that yield less or no co2 at all and expect the same products.

Plastic toys would no longer be a thing, game consoles, and tires, so much stuff.",1.0,1472011391.0,t1_d6u89gq
d8dwewe,worldnews,I hear the tribal regions of Pakistan are good for that sort of thing.,1.0,1475607017.0,t1_d8dvutf
eell442,Futurology,This would make a good sub title for a primer on Western history... ;),3.0,1548048465.0,t1_eelj4fd
c0qjoou,conspiracy,">The only reason can be to troll. T

I am sorry about your limited imagination. Luckily I am not limited by what you can think of.

",0.0,1274556136.0,t1_c0qjhij
ihbi85o,science,"My father is a climate change denier, but he does believe wind turbines are causing more tornadoes.  So he might be part of that 80% but not in a good way.",1.0,1658582288.0,t1_ih9vyvn
e6eaypw,europeanparliament,"If the blue countries (like me in Estonia) would exist in some sort of a vaccuum, then maybe yes. But in general it's going to probably have more negative effects - all these countries are still connected to the world's economy.",2.0,1537558123.0,t1_e6dea97
dxf05y2,Futurology,"I read recently that an average human will cost  17 thousand tons of CO2 and other potential pollutants in their lifetime. China recently relaxed their 1 child policy. So, say Chinese Families have only two children. That’s literally 3.2 Billion more people, per year.",0.0,1523822318.0,t1_dxeu8ub
e3jtchv,neutralnews,"That's why I was referring to ""Free-range"", in the laypersons' understanding of it. I can't imagine that free-range chickens or pigs are feeding off much land, but that they need feed crops too.",1.0,1533320001.0,t1_e3jn44u
e9u6hvu,worldnews,"Yes - but for those countries, it will be to their benefit.",3.0,1542400504.0,t1_e9u6fc9
henkzt3,AnythingGoesNews,"What assumption. [Read TA1 from the proposal that you are so angry about.](https://www.documentcloud.org/documents/21066966-defuse-proposal)

Its on page 3, executive summary. Its one paragraph long. The steps are:

* Find wild viruses

* Sequence their genomes

* Insert spike binding protein sequences into harmless bat-SARS (not the likely COVID-19 progenitor RatG13)

* Test on human binding domains (assays, as in proteins bound to a piece of paper)

* Test the best of those on mice made to express human like binding proteins

Then it goes on about machine learning blah, blah blah. The rest isn't important to this discussion.

Either way, they wanted to build a model of what mutations could be dangerous to humans.

Then for TA2, they propose trying to vaccinate bats in caves against those problem viruses.

Its a little far fetched in my mind. Like TA2 just isn't likely to work. No one has tried to vaccinate a whole cave full of bats by gassing them with antigens (antigens are proteins, not viruses). That seems unlikely to work.

But this has nothing to do with making a pandemic.

There is a risk for step 5, 'testing on mice'. This could be problematic, and the grant never got funded. The grant reviewers were like 'um... you need to tell us exactly what you will do to prevent an issue for Step 5'.

So what is the problem?

EDIT: relabel my steps.",1.0,1632869996.0,t1_henjf44
db3c4g9,Futurology,Bill gates. Evil man. Both him and Melinda. Genetically modified Mosquitos. Fuck them.,1.0,1481532716.0,t3_5hujzn
g0h13dw,worldnews,Yeah honestly it’s pretty ridiculous that decades old software is not as good as software released this year. Fucking outrageous that Bill Gates scammed us all by selling us 20 year old technology 20 years ago.,5.0,1596652457.0,t1_g0gw6cs
eys1mh7,worldnews,"""The government needs to raise taxes. We, the richest 1%, own 20% of the wealth in this country. The poor own 60% though, so it's illogical to raise taxes on us, the government should raise taxes on the poor.""

Tell me how just and how popular that argument would be.",2.0,1567384470.0,t1_eyrvmma
eg0nogz,worldnews,"This is the best tl;dr I could make, [original](https://qz.com/africa/1486093/africas-fast-growing-cities-face-extreme-climate-change-risk/) reduced by 77%. (I'm a bot)
*****
> At least 79 of those cities, including key political and commercial hubs, are faced with &quot;Extreme&quot; risks due to climate change, claims new research from risk consultancy firm Verisk Maplecroft.

> The study combined United Nations projections on population growth in over 1800 cities along with data on climate change vulnerabilities to assess the threat of extreme weather in cities over the next three decades.

> As the full impact of climate change unfolds, it predicts cities and nations will experience damage to key infrastructure, property, and assets, besides much-needed agricultural outputs.


*****
[**Extended Summary**](http://np.reddit.com/r/autotldr/comments/aogsgb/africas_fastestgrowing_cities_are_the_most/) | [FAQ](http://np.reddit.com/r/autotldr/comments/31b9fm/faq_autotldr_bot/ ""Version 2.02, ~382013 tl;drs so far."") | [Feedback](http://np.reddit.com/message/compose?to=%23autotldr ""PM's and comments are monitored, constructive feedback is welcome."") | *Top* *keywords*: **change**^#1 **cities**^#2 **climate**^#3 **risk**^#4 **Africa**^#5",2.0,1549634555.0,t3_aogbdw
f9y7kn5,ukpolitics,Yuri was meant to wait for a while before posting his article for maximum disinformation,10.0,1575724698.0,t1_f9y6qp8
gmfysd8,collapse,"Government, no. Climate change, we're passed the point of no return. Are you aware of the methane and over gasses trapped under the ice in the ice caps?  Now that that's started to release, even if we cut all carbon emissions tomorrow (not going to happen), it's created a feedback loop. More methane gets released which causes more of a greenhouse effect which melts more ice which releases even more methane, and so on.  

Don't forget either that the rich see as as peasants. When it starts getting bad, we will be expendable to them.

Edit: Didn't even mention the acidification of the ocean or the species die off which could really mess up the ecosystem that we are all a part of.",1.0,1612709396.0,t1_gmfxs8k
gn0ivg1,collapse,"They're also going to get screwed unless it's mandated that rentals have electric vehicle charging spots. The last complex I lived in was only a few years old. It only had 2 charging stations up at the clubhouse and there was always some golf cart or something parked in that spot.

Or maybe landlords will be able to half-ass it with one ""Accessable"" outlet. My brother struggled to keep his car charged when he had to move out of his house and only had access to 15 amp outlets. He could only pull it off because he had the chance to charge at work as well. Few employers are going to be that friendly about it.",2.0,1613096800.0,t1_gn0dxrj
hidhl7k,politics,"This is the same argument against people demanding $15/hr. People are not entitled to that rate. 

Peoples time means nothing unless they are earning the company money. Their experience working won't matter because they will just be replaced by kiosks.",0.0,1635425195.0,t1_hf5ne1c
cp57xd6,funny,He probably gilded himself. ,2.0,1425570227.0,t1_cp57uih
cxjicxi,politics,Pound per mile per gallon. Trains can be incredibly more *fuel* efficient. I should have specified. The capacity of trains to travel in a fuel efficient manner outstrips any other form of transportation that we have at this moment. ,2.0,1449001484.0,t1_cxji3c3
fdyrawg,worldnews,Lmao whatever that was has had no effect on federal policy,1.0,1578782796.0,t1_fdqdtms
davjf47,science,You don't have to tell me!  you couldn't pay me enough to eat a lobster ,0.0,1481066176.0,t1_davjdgv
gmgks23,canada," *""As the* [*climate*](http://globalnews.ca/tag/climate-change) *continues to warm at an alarming rate, experts warn if dramatic steps to mitigate global warming are not taken, t****he effects in Canada’s Prairie region will be devastating to the country’s agriculture sector****. ""*

Oh look....the big city folk might suddenly care about the prairies when the literal breadbasket that lets them pack millions of people into a single city with about a weeks worth of food at any given point in time is threatened.",-12.0,1612713978.0,t3_leokgk
d2d3iap,Liberal,Exactly someday it may even be able to power the star ships OP mentioned. ,1.0,1461336362.0,t1_d2bujir
dcy8lnf,worldnews,"And the yearly salary is what? $460,000? It has cost taxpayers [$500,000 A DAY](https://www.nytimes.com/2016/12/05/nyregion/new-york-reimburse-trump-security-costs.html?_r=0) to protect him and his family from the election to the inauguration. If he decides to not live in White House we can look forward to that bill for 4 years. But please don't let me get in the way of you patting him on the back.

Also, if gay marriage is resolved then why isn't abortion? If they manage to get abortion outlawed again you don't think that gay marriage is the next target?",1.0,1485466914.0,t1_dcy3sox
dma1ph2,environment,"No its not. Obama isnt president anymore, there is no more climate change!


/s",2.0,1504011454.0,t3_6wp6qe
fl8b7w7,soccer,"Last year I realised my dream of watching my Premier League team live. And as I was watching it, I realised that I was watching 22 millionaires kicking a ball. There was a guy that gets paid 200,000 pounds a week because he runs fast and can cross a ball to another guy real good.

When I came back home, my love for football wained. I stil love to play it, but I've stopped watching it. I realised that the only bigger dumbass than the ones running around is me paying 70 pounds to watch them do it.",-1.0,1584919765.0,t3_fn0m13
hqf9ix4,grasslands,Ha! I was literally just explaining this in another subreddit where someone asked about “plants that fight climate change”,1.0,1640794395.0,t3_rr0501
fdq8rr6,worldnews,"I'm so happy to hear I now have a partner in my quest for revenge against the serial killer who insists on calling itself, ""My biggest fan.""",2.0,1578659494.0,t1_fdpkqex
f59nli2,worldnews,My solution is to do ENOUGH,-1.0,1572092538.0,t1_f59nj7c
emu0rg7,worldnews,"Signed by France, Belgium, Denmark, Luxembourg, the Netherlands, Portugal, Spain, and Sweden.",693.0,1557326770.0,t1_emtiev6
epyjxqq,worldnews,"That is the opposite of non-profit and globalists.

Those are the right wing wingers.",1.0,1559639214.0,t1_epyg1ww
grmhm2e,CanadaPolitics,"If we had to pick just one shitty thing to complain about that Trudeau has done, bailing on electoral reform is the worst.",2.0,1616271182.0,t1_grlwrey
ersgrn3,politics,Yep and they are also being fined $500/day until they show up.,3.0,1561213578.0,t1_ersfzz7
e8czytq,worldnews,"Are their any other measures that should be imposed on citizens against their will or just ones that involve carbon?

Food rationing would limit the environmental impacts of agriculture. 

Forced vaccinations will stop the spread of disease. 

Forced sterilization or “one-child” policies will limit human impact on the environment. 

Do all leaders have your consent to circumvent the wishes of the electorate or is it just Trudeau? I assume you would extend the same courtesy to Trump or Orban or Erdogan or Putin?",0.0,1540391508.0,t1_e8coxir
dj9vi9o,SandersForPresident,That is not a healthy perspective to have and I strongly encourage you to rethink it and your morals.  You shouldn't give yourself excuses because others do for themselves.  ,1.0,1498176090.0,t1_dj9ual8
gclpdtm,news,"You tell Bezos we keep the Hooli name, or he can go fuck himself with his rocket!",1.0,1605614674.0,t1_gckc5gr
eq2ktmd,worldnews,"I hope you aren’t in a data analysis field for a living. If so, get a backup career!!",2.0,1559739192.0,t1_eq2klir
fwhg7ja,Futurology,"Facebook doesn’t lie, what are you talking about?  They lie just as much as reddit does, or YouTube comments do.  They are small potatoes.  

News networks actually lie to us.",2.0,1593531511.0,t1_fwhexo0
ca5uk7n,environment,"Australian here. We are getting it harder than normal and normal wasn't always rosy. The last big drought ended just 3 years ago, normally a decade would pass before another one. The north is usually the first to dry out and its done so already. Just 12 months after it was basically and inland sea from flooding. 

I have noticed in the southern half where I live, where I have spent most summers camping among giant coastal rain forests, that the forests themselves are seriously dry. Normally in late spring and through most of summer the reddish volcanic clay soils are damp and spongy, trees and ferns in river gullies are lined with epephytes and mosses. These are disappearing, the soils dry and brittle. This was observed just last spring here, after a wet year. 

I have no doubt the big Kinglake / Toolagi fires are nothing compared to what is coming. I also fear that the giant trees that carpet most of the coastal mountains and gullies will be reduced to pockets while more fire prone stringy barks (eucalyptus) invade elsewhere. 

The saddest part I know of is that the population is being kept ignorant because of pathetic journalists and sound byte junkies employed by the corporate media. The language used is deceptive and slanderous. You can't argue for climate change without being seen as a hippie. Certain radio shock jocks and newspaper columnists trash any notion of envirnonment. It's language is simple - attack the messenger, attack the idea, blame it for job losses and the ruin of the economy. None of which is even close to truth.",11.0,1369505591.0,t3_1f0z86
dbpwygo,science,Chicken of the Sea. ,2.0,1482942041.0,t1_dbptnlh
f8d6f4f,politics,"Of course they do a lot of stuff, but that's like saying Raytheon does more than just supply the war machine. It's not fooling anyone - we all know their main purpose, and anyone that agrees to work for them knows what the game is.",1.0,1574479676.0,t1_f8d5ktw
clt9l5r,politics,"So... what you're saying is that both sides are the same except in attitude... So... how is that different than what I've said about your statement? Your argument is both sides are the same, liberals are just nicer about it.

And going back to the numbers... That's just not true...",1.0,1415153287.0,t1_clsrd0f
d8dfngk,worldnews,"Nothing. Provincially Alberta elected the NDP (Canada's third party) because the conservative government had been fucking up so long the hardcore right wingers of Alberta couldn't even vote for them anymore. As soon as the NDP was in, Albertans started fighting the government they elected every step of the way (not that the NDP knew what they were really doing) and the province is now. Basically put on hold. 

Briefly- Paul Martin predicted oil glut. Harper offered the promise land and got elected. There was an oil glut. Alberta elects NDP but don't want to do what they voted for. The liberals won federally a majority and have been helping Alberta in its financial stand-still (but disagree on social politics so albertans fight the rest of Canada/ government and say they aren't actually helping). This will continue until the rest of Canada, which are now even allowed to explore other energy methods after Harper, can benefit from sustainable energy and prove to Alberta there's a better way. It's hard to convince someone they're wrong when their pay check has depended on something so long. 

Edit:random period end of first paragraph.",3.0,1475584364.0,t1_d8deecz
fcrqf42,worldnews,"And then they would have to buy a used car instead or pay more for the mortgage :(

How about we prioritize the environment over people's ability to buy a brand new car?",0.0,1577905231.0,t1_fcqoj30
clrlv5h,australia,"I do not do beliefs, just facts",2.0,1415011927.0,t1_clrlgow
h8ayeaf,science,"Well they did consume a quarter of the worlds resources in that one generation. So yeah, they should do their grandchildren a favor and die off. Just talking about the ones who don’t care about the problem here (which in my experience is most of them, especially the ones in power)",1.0,1628527499.0,t1_h8auner
dgim59y,skiing,"Same here, that and there are some things you can only do when you're young. If you wait till you retire it's too late to get stupid and huck.",22.0,1492699669.0,t1_dgihju4
eomvbr7,AustralianPolitics,I want to know how to get paid for this. I think it could be an excellent career path.,5.0,1558696952.0,t1_eomogq4
dfqyyfr,worldnews,"Well, talk about renewables was what prompted this little comment chain in the first place. The increase from 2014 to 2016 is significant because that is when they actively took large steps to curtail C02 emissions, and they haven't accomplished much even with those measures.",1.0,1491178738.0,t1_dfqyudo
hrknvuz,environment,"Humans have always gathered in an area, wiped out all resources before dieing or moving on. This time its the whole planet. Its typical billionaires are looking to leave before fixing anything. 

Climate change goes beyond fossell fuels. Even if we went 100 % sustainable energy our land and sea issues are intense. Frankly I think we need less humans and phycopathic bankers.",1.0,1641518137.0,t3_rxc2nm
dmjna2d,conspiratard,"The problem is that you put ""conservative"" and ""Republican"" on the same level. The Religious Right ain't for smaller government and personal freedoms.

Of course, in the case of M'Coulter, it could just be a giant troll job.",26.0,1504526852.0,t1_dmjlqqx
dr690xf,worldnews,"Per year, per utility customer. Not necessarily per person. A family of 12 is a single utility customer. A landlord that owns an apartment counts as a single utility customer. These circumstances push the number higher than a per person basis. But the sentiment is the same, because if every single man, woman, and child decreased usage by 10 percent, you would still see a 10% total decrease.",2.0,1513139024.0,t1_dr6880p
ebko95x,worldnews,"I do appreciate your point. However my main thrust, though maybe lost in detail is that within the US what individuals have come to expect/accept is vastly different to elsewhere and they appear to believe what they have is the minimum acceptable standard, rather than a luxurious lifestyle compared to many other locations.  Again not all but from lower mid class upwards.  Though I have appreciated the generosity and friendliness of many.
",2.0,1544549208.0,t1_ebkkuko
d9gw2wy,politics,"Oh, so it's my fault for not having millions of dollars to lobby with. 

Damn. ",0.0,1478013510.0,t1_d9gtoxp
cla2nq4,news,"It's almost like hating Dems is a GOP thing.  Name me some major Dems in the past 40 years they don't hate?
",1.0,1413378243.0,t1_cl9l7el
db4alrr,climateskeptics,"You have it backwards -  ME was a water-shit machine, turning clean drinking water for the masses into a giant cesspool of toxic waste.",3.0,1481585551.0,t1_db3zx1v
h3bnpe8,neoliberal,"Uh, the voter roll manipulation in Florida decided the 2000 and again was important in 2004 presidential elections. Also the 2016 elections as you may recall. Seems like you've  also failed to pay attention to what happened in Georgia, and most of the southern states. 

I am also older than the average Redditor and have watched the swing in our national politics. Suggesting that the only ""real"" sign of Republican authoritarianism would be a stupidly ham-fisted and public rewiring of state constitutions suggests that they've been playing by the rules.

Downplaying their activities as inconsequential is naive, at best. And turning aside the current state of gerrymandering by lobbing up a weak ""both sides"" in 2021 is beyond naive and heads into other, less savory definitions.",15.0,1624890360.0,t1_h3blq19
cmf3c4p,environment,"If it fits your agenda that republicans are the greatest evil on this Earth, don't give two shits about ""science"" and are hell bent on throwing gasoline on the environment and setting it on fire, then I guess political submissions are acceptable here, correct?

Or do you think a touch of objectiveness would be better than than the shit submissions this guy posts day after day?",1.0,1417153951.0,t1_cmf09ky
d8feiki,worldnews,"No. The overwhelming plurality of scientists, from NASA, and around the world, all agree. They agree on science. Scientists use facts, not belief. Carbon absorbs heat. That's just a basic fact. There is now more carbon in the atmosphere of this planet than at any time in at least 300 million years. Another fact. This saturation of carbon is the direct result of human industrial activity over the past 150 years. Yet another fact. The last time there was this much carbon in the atmosphere, the oceans were 30 feet higher. Still another fact. The icecaps are melting as a result of too much industrial carbon that has elevated the temperature above what is glacially sustainable. More facts. No religion here. No smoke and mirrors (well, smoke…) No personality cults. And most importantly, no bias that is based on making huge profits. None of those facts which I just stated are even subject to any debate. That's because people like you never actually debate, you just cherry pick a few trash news articles, throw them into the fray, and then repeat ad nauseum while your opponent takes the scholarly approach and debunks your nonsense, which, sadly takes time, and allows for you to respond to his debunk of your false claim by regurgitating more irrellevant noise. And that is really all that you have: irrellevant noise. Because the facts are always on the side of science, and, with regard to human carbon emissions and their effect on the global climate, the science has spoken: the fossil fuel era must end. ",1.0,1475694497.0,t1_d8eck6m
eyz8j0m,neoliberal,"So I haven't looked too deep into Buttigieg's climate plan, but the dependance on rural communities to embrace it will doom it without a stick to be parallel to the carrot. ACA expansions show that red areas will cut their nose to spite their face",6.0,1567612020.0,t3_czjr3r
d1y4qhh,politics,woo hoo a massive waste of judicial resources!! lets sue these morons for bringing an idiotic lawsuit. ,0.0,1460350863.0,t3_4e84o1
fc4bi5m,electricvehicles,"What an idiotic statement to make.  The way to demand green energy is to buy it.  The way to encourage EV adoption is to buy one.  The way to promote more and cheaper non meat options is to buy them.  

Sure write your elected representatives as well but the best thing to do is lead by example",14.0,1577411888.0,t1_fc44cki
gtxo2zr,australia,"I’m an ex-liberal voter. The problem is the other options are only slightly better in some areas and awful in other ways.

We need politicians that care about doing the right thing even if it’s politically unpopular or might damage their chance of reelection. 

As it stands at the moment, all they care about is the next electoral cycle, they don’t think 8-20 years ahead. It’s why we still don’t have a high speed train and why it’s taken 30 years to start building a second airport in Sydney. 

We are stuck with low hanging fruit. We have to try and pick the best of a bad lot.",0.0,1617979004.0,t1_gtvzb67
hqgmcnx,UpliftingNews,Mad respect for Chileans doing the right thing.,2.0,1640813249.0,t3_rqrqpj
g8dz75f,politics,"What does this mean
People who follow her are already going to vote for Biden",1.0,1602370821.0,t3_j8mba5
e95g0ns,australia,"I gave up any idea of having kids in 1982 when the ""green house"" affect was first warned.Also a ""war on Terra"" would be declared in the future.I was 22 then no kids since.I will die knowing no kids will suffer from my actions.
In 1991 after adoptions laws relaxed found out I had 8 bros and 2 sisters. I now have over 100 nieces and nephews even great great nephews! Mankind is doomed.",8.0,1541498103.0,t3_9ul86u
f0w9ezt,worldnews,The original person didn't bring any links either for there claims.,4.0,1569002083.0,t1_f0vhry3
cp7c0jt,worldnews,Don't apologize so much.,0.0,1425746507.0,t1_cp71hff
ehtx9zc,politics,I think you mean serf.,8.0,1551780126.0,t1_ehtnt9v
ef981fw,politics,I didn't read any of them. I'm busy doing other things.,-11.0,1548765451.0,t1_ef97gab
d7noli8,europe,"Isn't Claude Allegre that said, talking about the Education Nationale,  we have to slim down the mammoth (il faut dégraisser le mammouth) ?",1.0,1473940785.0,t1_d7nlqai
cvzei73,environment,"Specious. It's been proven that expansions in sexual education and female education/work opportunities lead to a natural decline in the birth rate. Much of Europe and numerous developed countries are experiencing a fertility rate decline. So it could be argued if one is ""serious about manmade climate change"", one is serious about advancing sex education in less developed countries to create a natural population decline. ",19.0,1444832522.0,t1_cvzdx1c
fgimrpo,worldnews,"How are these uneducated nut jobs always in high places of office, how is it fucking even remotely possible that there are so many. wtfff",1.0,1580826003.0,t3_eygg0u
epbpv1i,Conservative,Finally some self reflection by the left.,2.0,1559145609.0,t1_epb16j9
fnisoiw,science,"I give CO2 to my plants. They really like it, 30% bigger harvest.

I’m with you, CO2 definitely is great for my income, prolly the same for the economy.",1.0,1586985681.0,t3_g1pywu
fobpay8,Futurology,"Just to be clear, you want to murder a lot of people without any due process or legal system? Are you for the death penalty in our current legal system? What do you know so inarguably that makes you think mass murder would be justified? Are you just being edgy and you don't want people to take what you say seriously? Or are you actually advocating murder?",1.0,1587662193.0,t1_foakhzf
epjc8cg,worldnews,And an uptake in 30 somethings developing light chain kappa Multiple Myeloma.,23.0,1559251622.0,t1_epjb1sk
d5sozpj,worldnews,"While it is in the ground, of course. Which may be the dumbest thing I have said today.",2.0,1469604604.0,t1_d5sorcl
c74muup,skeptic,"It's Congress, actual grasp of anything has never been a top qualification for the job.",14.0,1353483403.0,t3_13juc5
el2jcc9,technews,"A really amazing step for Microsoft. They have always been a good role model for other companies when it came to ecological matters and seeing that they are willing to make their AI open to other groups to assist with climate change is amazing. 

Now I’m curious about how exactly their AI manages to help with climate change and what it’s capable of doing.",5.0,1555466279.0,t3_bdwuc5
grzvm9o,canada,"And then the Liberals paid someone to make up a story about him. Not that a faction of the party wasn't happy to see him quit, but they were not responsible for it.",1.0,1616546902.0,t1_gry38g7
eq03fmy,worldnews,Good luck having him making anything other than himself a priority.,1.0,1559677586.0,t1_epy2x94
egzdhgx,Futurology,"I realise its different in Europe, but in canada gas is soooo much cheaper then electricity. Id be incredibly pissed off if the government made me heat and cook via electricity",2.0,1550783761.0,t1_egz9hpd
epzzjn5,Futurology,Plastic decomposes in to oil?,1.0,1559675596.0,t1_epzd042
ii8me3m,globalcollapse,"Um, can I still live till 150 and watch this shit show",2.0,1659172994.0,t3_wb18db
g0h6qkt,worldnews,"I appreciate the sentiment. I could do with a bit of love and hope myself these days. The world has gone mad and it’s tough out there. Just having a cat is enough responsibility for me at the moment. As a single, unemployed male.",58.0,1596655084.0,t1_g0h6cop
eo5ng8m,UpliftingNews,"Guess I will have to plant them in the front yard, then. Everything edible in the back yard needs to be in raised beds or containers to keep them from being peed on by dogs...",1.0,1558300166.0,t1_eo5hpfn
dcablpb,Futurology,"American Defense knows the damage climate change can cause, they've been talking about it for a long time.",2.0,1484144699.0,t1_dca7noy
dfhja8o,conspiracy,"The ""pause"" was created by carefully selecting the start and end points of an analysis.  It isnt factual.  It is propaganda and you bought it.",5.0,1490651653.0,t1_dffns6l
fjhr8fh,climateskeptics,"Maybe one of these big old heavy institution needs to be dismantled, as a warning to others. So they know how it looks like when you are not allowed to speak.",6.0,1583353588.0,t3_fdhg2p
cv3828q,news,But it is fun though. ,1.0,1442382335.0,t1_cv1e93k
hlsqc5m,energy,"> But if the nukes retire then energy prices will increase (all things being equal),

well no, no things will be equal at the end when the NPPs retire... renewables are being constantly built, other optimisations are being constantly applied. end of 2022 is different than now.

https://energy-charts.info/charts/power/chart.htm?l=en&c=DE&source=all&stacking=stacked_absolute_area&timezone=user",2.0,1637691962.0,t1_hlskcs3
d9yqftl,news,"Farmers intentionally add CO2 to greenhouses (which ironically do not warm because of greenhouse effect, but because of convective effects).  Greened foliage in dessert will die and the nutrients will return to the soil for the next round of greening.  Green areas will attract insects and animal life that will increase the virtuous cycle of life, along with the increased rainfall.

Antarctic is where 90+% of the precious ice is.  BTW, that ice is on *average* 6,000 ft deep and the *avearage* temp in Antarctica is -50C.  By my foolish common sense, that means that the temp is going to have to increase 50C before most or any of that ice even begins to melt.
",1.0,1479064018.0,t1_d9ypycp
e7kn319,politics,"The scientific community has been telling us that global warming is occurring rapidly and seems unavoidable given current industrial and agricultural patterns. They have not told us that managed collapse is the only way to avoid doomsday scenarios. That is your own unimaginative and utterly infeasible solution. 

Radical overhaul of energy production and distribution is one part of a solution. Properly pricing externalities associated with carbon emissions is another. Revising infrastructure and building codes to deal with hotter and more volatile weather is another. 

And maybe it will take the drowning of a few large coastal cities, with thousands or millions of associated deaths, in order to cause society to take climate change more seriously and apply high technology in earnest to the solution of the problem. This is what is called for in bright green environmentalism - of which I am a proponent.

I think this is a much more workable solution than simply asking humanity to except defeat and dismantle its own societies and abandon the only workable economic models we have in order to embrace some kind of untested, pie in the sky “biosocialism.”",3.0,1539264862.0,t1_e7kl5qb
d3mwkje,energy,"If nothing else it should have been interesting to them. Even assuming soulless money extraction robots would be interested in the report, and then doing everything in their power to prevent action, and make all the money possible before being left with stranded assets ",2.0,1464440394.0,t1_d3jooiy
ga8vc7b,worldnews,"He is not acting ‘mature,’ he’s just acting like he is capable of having this conversation. Maturity has nothing to do with it",0.0,1603775912.0,t1_ga7vl9y
dijrlu7,UpliftingNews,"You might want to take a look at [this](http://www.statcan.gc.ca/tables-tableaux/sum-som/l01/cst01/econ15-eng.htm). Sure Alberta and BC contribute heavily in regards to their population, but saying they are the lone contributors isn't exactly true.",1.0,1496781956.0,t1_dijd5w7
c2y81bu,environment,">No, the problem is actually in YOUR assumption.

I don't make any assumptions. I read the literature, which shows me how natural variations *aren't* to blame for the current global temp increase.

>We know the AMO and PDO bias the temperature record.

These are already filtered out and accounted for, and that is why we know they aren't responsible for the warming trend.

Your whole argument is based on two false premises, i.e. that such cycles aren't already taken into account by climate models, and that these cycles actually add or remove heat from the system (which they don't, unlike anthropogenic CO2).",2.0,1320792511.0,t1_c2y4xsd
c6dbbpt,vancouver,"That's ridiculous. There is never any guarantee that a social movement is going to take root. If every protest or demonstration required a pre-determined guarantee that people were going to take notice then nothing would ever happen.

People employ different methods at different times with the hope that at some point along the way people will take note and respond.

And honestly, how many protests take place without inconvenience: oh dear, someone may not appreciate my protest, better stay home! Being polite is not a consideration when you have a serious point to make.",2.0,1348599440.0,t1_c6db4ns
di4bxlp,worldnews,"Everyone.
Source:  from Kentucky.",2.0,1495910449.0,t1_di44mhp
epz8ilk,Futurology,"Yes, and there is the third, health related component. These are more subjective, though. It is hard to convince people that killing an animal for consumption is wrong when we evolved doing it. For most of history it was a necessity for survival. Today, that necessity is gone, but it is deeply ingrained in our culture. I personally have no problem with killing an animal for consumption, but the meat industry is cruel, inhumane, and a poison to our environment.

Edit: not to mention that overpopulation would lead to starvation of hunted species in many places. I’m interested to hear a vegan’s take on that",2.0,1559660644.0,t1_epz7b6v
fo67cre,worldnews,In the future? We needed to act in the past and now we need to act even more in the present yet everybody is talking about acting in the future.,1.0,1587549273.0,t1_fo4gpld
da1jpej,Futurology,Yeah China's definitely the leader in climate change reform while their citizens choke to death on smog. ,1.0,1479233254.0,t3_5d25r3
eb9ju11,politics,">Smart man.

Choice words for someone that doesn't believe the word of anyone that doesn't read the Torah, as per his AIPAC fundraising speech.

Edit: The fact of the matter is that too many Palestinians and too many Arabs do not want any Jewish state in the Middle East,"" Schumer told the audience gathered for AIPAC's annual conference in Washington, D.C. ""Of course, we say it's our land, the Torah says it, but they don't believe in the Torah.""

https://www.commondreams.org/news/2018/03/07/schumer-denounced-absolutely-disgusting-aipac-speech]",-58.0,1544153209.0,t1_eb9il7m
hd8d1sx,environment,"Again, ""Growth for the sake of growth is the business idea of a cancer cell"". 

Climate change is only the consequence of a *single* waste product of modern civilization, ""fossil sourced carbon made into gas form"".

We have soooooooooooooo many other waste products and behaviors that are wreaking havoc on nature. Deforestation. Insect loss. Biodiversity loss. Plastic everywhere, in our brains probably. We don't even know what the chemical cocktail of our industry that's runinng around in our bodies does to us, but it's speculated stuff like alzheimers and impotency are a cause.

Fuck capitalism. Fuck growth.

We need to limit our resource consumption and create a society that focuses on mental growth.",2.0,1631900261.0,t1_hd836l2
fy4la91,singapore,"> # Why is June 2020 cooler & wetter? Is it climate change?

> June 2020 has been unusually cool and wet.

> The Meteorological Service Singapore (MSS) confirmed that it was the wettest June in 10 years.

> While it is unusual, MSS said that the currently available research information cannot ""definitively attribute"" this abnormality to global warming, natural climate variability, or other effects including urbanisation.

> The sweater weather is also expected to last a while more.

> A climatologist from the National University of Singapore, Department of Geography, Matthias Roth, told CNA that the rainy weather is likely to continue into July.

> Cooler weather still part of 'natural variability'

> Roth, however, also said the cooler weather in June is part of natural variability.

> He attributed the afternoon showers in June to strong solar heating at Earth's surface.

> Sumatra Squalls and converging winds contributed to more rainfall in the month as well.

> As the rainy weather persists in July, there is also a higher likelihood of flash floods in low-lying areas, Roth warned.

> Associate Professor at Singapore University of Social Sciences, Koh Tieh-Yong, also suggested that the rainy weather can persist in the region if the La Nina phenomenon forms in the latter part of 2020, CNA reported.

> A La Niña phenomenon occurs when the sea surface temperatures fall below average across the east-central Equatorial Pacific. It usually happens a year after its counterpart El Niño happened.

> El Niño represents the periods when the sea surface temperatures are above the norm.

> There is a 50 per cent chance for La Niña to form in the second half of the year.

> Rainfall in June 2020 not extraordinary

> Associate professor at Singapore Management University, Winston Chow, also weighed in with his observations.

> So this @ChannelNewsAsia piece came out yesterday on Singapore's very wet & cool June 2020 - it needs some clarification because there's some confusion on whether it's ""natural variation"" vs. climate change. (1/10)https://t.co/Sg3rQ9nOd2 — Winston Chow (周祥龙) 🇸🇬 (@winstontlchow) July 15, 2020

> Chow clarified that MSS compared the record of rainfall in June over a span of 10 years' data, which is insufficient to conclude that this is a sign of climate change.

> Chow plotted out the rainfall trend over 40 years from 1980 to 2020 and it does not show that the June 2020 rainfall is ""extraordinary"".

> As you can see from his graph, there are higher rainfalls in the year 1984, 1996 and 2010, for example, even though the total rainfall for June at 233.8mm did stand out as one of the highest numbers.

> Further, the important point is the MSS brief only referred to the past 10 years. I downloaded the entire Changi weather station dataset for June 1980-2020, which is available here - https://t.co/jrCnDsutWt and plotted the total monthly June rainfall...(7/10) pic.twitter.com/aYvlOdQfoP — Winston Chow (周祥龙) 🇸🇬 (@winstontlchow) July 15, 2020

> So does not mean that climate change is not a thing? No.

> Before we explain why climate change is still a real concern, let's get to the basics first:

> Difference between climate and weather Weather refers to a short term change in atmospheric conditions. Climate refers to a long term change, usually looking at the averages of weather conditions in a specific area over 30 years. Chow described the difference between climate and weather this way: ""As I tell my students - weather is your mood, climate is your personality.""

> Climate change still an imminent crisis

> While not all extreme weather are a sign of climate change, there is a ""strong climate change"" signal from the rising temperatures in the long-term record, Chow said in his 10-parter Twitter thread.

> To be absolutely clear - A strong climate change signal for *temperature* exists in the long term record via shift of prob distr functions of climate anomalies. It's not the case for precipitation yet - see Figs 1,2 & 3 in this paper (open access) https://t.co/HFJR5l8LH7 (10/10) — Winston Chow (周祥龙) 🇸🇬 (@winstontlchow) July 15, 2020

> A Special Report on Global Warming of 1.5°C published by the Intergovernmental Panel on Climate Change (IPCC) in 2018, which involved contributions from thousands of climate scientists and government reviewers, already stated that we are experiencing the consequences of 1°C of global warming through more extreme weather, rising sea levels, and diminishing Arctic sea ice, among other changes.

> Climate change is therefore an ""unequivocal"" emergency that requires ""unprecedented"" changes in all aspects of the society to limit the warming to 1.5°C by 2100.

> Singapore, being a small island state, is definitely not spared from the impacts of climate change as we experience an increase in the average temperature and sea-level rise in the recent 40 years or so.

> According to the National Climate Change Secretariat (NCCS), the annual mean temperature has increased from 26.6°C to 27.7°C over 42 years from 1972 to 2014.

> The mean sea level in the Straits of Singapore has also increased at the rate of 1.2mm to 1.7mm per year between 1975 and 2009.

> Read more:

> Top photo by Zheng Zhangxin.

---
1.0.2 | [Source code](https://github.com/fterh/sneakpeek) | [Contribute](https://github.com/fterh/sneakpeek)",2.0,1594803801.0,t3_hrk8cj
ewwp9ip,AustralianPolitics,look up the scripps institute.,1.0,1565832039.0,t1_ewwlbwj
if5ko0m,RealTesla,">replace car every x years

To make the society sustainable, all planned obsolescence practices need to be outlawed.",3.0,1657159244.0,t1_if4s6sk
dvdkkyy,quityourbullshit,"""Vote with your dollar"" is such a myth at this point, like ""corporations rely on YOU to exist, so they'll act in YOUR best interest"".

These businesses exist to produce an obscene amount of excess, hoping for the magic of infinite accumulation. If you don't buy almonds and nobody buys almonds, they'll just sell almonds to another company to be processed into a product you'll buy anyway. Chocolate bars or shampoo flavours. Or to agriculture industries for feed. Or some other country, which is especially on point since California's agriculture is primarily export.",1.0,1520520301.0,t1_dvdikfy
cprb00s,politics,"But both parties are the same, right?",2.0,1427374659.0,t3_30bgq5
e7ufao7,politics,Boof O'Kavavaugh leaps into action!,2.0,1539653699.0,t3_9oj19c
h742o25,ZeroWaste,"No need to argue. Everyone is entitled to their own opinion based off what they know. 

If your going to support the theory of humans being the main reason for climate change then first make governments stop doing weather warfare and manipulation. Then we can talk about wether or not we want to allocate those dollars toward helping the earth instead of hurting it.",0.0,1627669857.0,t1_h741gi1
dpf7amt,worldnews,"Yeah its our fault... what else is new? Now what, what would be the next step? I am pretty much sure, now we need to give another billions of $ to these ""great scientists"", so they can save the world. At least bunch of them will be set for life and you, casual living human? You know, we need more money out of your pocket, so we can keep saving the world, stay calm and pay.",-22.0,1509971903.0,t3_7b2qn6
eb2bz0g,politics,"I hold on to a lot of crazy hopes for the US to reform on a lot of fronts, but we're never ever ever going to do anything about guns. It's baked in too deep, constitutionally and culturally.",1.0,1543927181.0,t1_eb1jkkd
d57tjpw,politics,"Only a tiny amount of workers are at the minimum wage.   What happens to all of us that are not?   We carry the financial burden for rich Progressives and their ""lofty"" goals.

Watch how many Democrats at the top are lining up to make money off this latest racket",1.0,1468243621.0,t1_d57r21y
esxr0lc,worldnews,"Add the energy required to pump the water for, uh, watering and the fossil fuels for pesticides and fertilizer for total energy impact. In addition a lawn is an ecological desert, providing neither food nor shelter for indigenous animals. All together lawns are a hideous waste of resources and provide nothing in return.",-6.0,1562334128.0,t1_esxj133
fkcnpkt,philosophy,"Riiiiight. 

That's why you're giving so much weight to 440 articles over hundreds of thousands of articles that support a different conclusion.",1.0,1584057036.0,t1_fkcnkcc
glkg2zg,worldnews,"I'm sure it hits that high in July/August.

I'm in Ottawa and our dog days of summers are typically 35C-40C, with one or two 40C+ days thrown in as a fuck you.",1.0,1612157853.0,t1_glke3yf
dpi515e,science,"Like rubber, or metal, or anything they can put their time and resources into to get a higher yield. If coffee starts tasting like crap, do you think Starbucks will still be everywhere? They’ll probably sell off stores, fire employees. Start selling juice. 

Or are you saying they’ll continue to have the same profit margins? ",1.0,1510105327.0,t1_dpi2nod
eqbws5r,politics,"Boils my blood every goddamn day to see such backbenching goons in our country's most important and honored positions, defiling it with every moment they slither around in service to traitorous authoritarianism.",27.0,1559958074.0,t1_eqbqzb2
drfgohj,politics,"So then it's a CONSPIRACY!!! The pentagon is out to get you - quick grab your tin hat!
",2.0,1513617069.0,t1_drfg03v
esdjo55,energy,And Kelly called him an idiot. There seems to be a theme,4.0,1561859457.0,t1_escwc2e
cirqc6x,conspiratard,">Nobody will dispute that. 

Literally anyone who knows anything about Mars will dispute that. ",2.0,1404840053.0,t1_cirm5ma
dd39tk2,Futurology,"Fair enough. I'm a bit biased as I found him to be a real douchenozzle in person. I've read on here about others who had more positive experiences though.

I've always been a Beakman guy anyway.",1.0,1485760880.0,t1_dd35pqu
eliuohd,EverythingScience,"So I'm torn on statistics like this.  Obviously climate change should be taught, but I'm not going to get in an uproar over teachers of subjects like English, foreign language, or mathematics not approaching the subject as being too far afield of whatever they're supposed to teach.  I understand that the subject *can* be folded in tangentially, but I'm not how beneficial that is.  And if the only teachers we're expecting to cover the subject are science teachers and the occasional history teacher, it shouldn't be surprising most teachers don't cover the material.

Also, it matters to some extent where the decisions to teach the material is being made.  Is this a teach-level, district-level, state-level, or federal level decision to teach/not teach the material?  The solutions to each of those scenarios are different.",8.0,1555966364.0,t3_bg2fby
eekafgb,worldpolitics,"It sure didn't stop pop culture from moaning about it. All the major magazines and newspapers gushed about the horrors of 'global cooling'. I was in school in the mid-70s, and remember it well.",1.0,1548016070.0,t1_eeho8dm
eb4my83,worldnews,"Hi uthalerebaba. Your submission from washingtonpost.com is behind a metered paywall. A [metered paywall](http://en.wikipedia.org/wiki/Paywall#.22Soft.22_paywalls) allows users to view a specific number of articles before requiring paid subscription. Articles posted to /r/worldnews should be accessible to everyone. While your submission was not removed, it has been flaired and users are discouraged from upvoting it or commenting on it. For more information see our [wiki page on paywalls](/r/worldnews/wiki/paywalls). Please try to find another source. If there is no other news site reporting on the story, contact the moderators.

*I am a bot, and this action was performed automatically. Please [contact the moderators of this subreddit](/message/compose/?to=/r/worldnews) if you have any questions or concerns.*",1.0,1544001016.0,t3_a3anse
dr4qvoa,worldnews,It's literally every single country in literally the entire world ,3.0,1513079508.0,t1_dr4ben0
d9x95u5,politics,"How fucking pathetic that we have to convince the person who is going to be the most powerful political leader in the world what is obvious to almost all scientists.

There's a point where I'm willing to sympathize with Trump supporters and try to understand that they just have a different take on things...and this issue is where I get off that train.",1.0,1478966373.0,t1_d9x56zu
hs5ktbp,climatechange,"https://archive.fo/lWyWh for hurricane intensity and frequency.  notably, you cite hurricane frequency, but ignore intensity (the usual metric given by the UN).  evidence of bad faith.  
your own drought link indicates region specific results, some of which support your point and some of which do not:  ""The increase in drought frequency, duration, and severity is found to be significant in Africa, Eastern Asia, Mediterranean region, and Southern Australia, while the Americas and Russia show a decrease in each drought component.""  You also only talk about frequency of droughts, as opposed to duration and severity.  further evidence of bad faith and possible bias to the Northern hemisphere.  
""The reliable climatology of tornadoes is limited in geographic and temporal scope; only since 1976 in the United States and 2000 in Europe have thorough and accurate tornado statistics been logged"" - https://en.wikipedia.org/wiki/Tornado\_climatology#Long-term\_trends so who knows what tornadoes are doing.  more bad faith, imo.",3.0,1641869217.0,t1_hs2ehyo
d83tzzc,politics,"yeah and Hilary has someone check all her emails for her - nope! 
if Donald chooses to have someone ghost him thats his problem, he owns the tweets",6.0,1474959460.0,t1_d83rph7
g5b2630,cringe,"youre clueless dude, you need to expand your views a little bit.",-2.0,1600130355.0,t1_g5b1esl
gku4c9x,worldnews,"1% of the Earth’s population is 76,000,000 bud. They fall into that category.",1.0,1611677588.0,t1_gku08jx
eqpzke1,media_criticism,">""Slight increase"" is not strong conclusion

I'm not sure what you're trying to say here, but the strength of an observation/conclusion is statistically totally separate from the magnitude of the observed change. You can be really, really sure that small changes are happening.",3.0,1560208222.0,t1_eqnm4bd
d6tehss,canada,Sounds like it's not that important then.,2.0,1471969336.0,t1_d6tbb48
